execution_time,city,temperature,humidity,weather_description,wind_speed,execution_time
2024-10-07 03:30:34,London,285.78,91,overcast clouds,3.49,2024-10-07 03:30:34
2024-10-07 03:30:36,New York,291.51,68,broken clouds,3.59,2024-10-07 03:30:36
2024-10-07 03:30:37,Tokyo,301,65,broken clouds,8.5,2024-10-07 03:30:37
2024-10-07 03:30:38,Bogotá,286.04,94,overcast clouds,0.43,2024-10-07 03:30:38
2024-10-07 03:30:40,Paris,287.98,84,moderate rain,3.58,2024-10-07 03:30:40
2024-10-07 06:15:53,London,285.71,91,broken clouds,3.5,2024-10-07 06:15:53
2024-10-07 06:15:54,New York,291.32,73,broken clouds,5.02,2024-10-07 06:15:54
2024-10-07 06:15:55,Tokyo,301.32,63,scattered clouds,9.32,2024-10-07 06:15:55
2024-10-07 06:15:56,Bogotá,285.8,95,overcast clouds,1,2024-10-07 06:15:56
2024-10-07 06:15:58,Paris,287.02,90,broken clouds,2.02,2024-10-07 06:15:58
2024-10-08 06:15:27,London,285.93,91,scattered clouds,2.57,2024-10-08 06:15:27
2024-10-08 06:15:29,New York,287.24,68,clear sky,4.63,2024-10-08 06:15:29
2024-10-08 06:15:30,Tokyo,291.62,91,mist,9.26,2024-10-08 06:15:30
2024-10-08 06:15:31,Bogotá,286.14,94,broken clouds,1.54,2024-10-08 06:15:31
2024-10-08 06:15:33,Paris,286.92,95,overcast clouds,6.17,2024-10-08 06:15:33
2024-10-09 06:15:44,London,286.14,89,overcast clouds,3.6,2024-10-09 06:15:44
2024-10-09 06:15:45,New York,288.19,58,overcast clouds,3.09,2024-10-09 06:15:45
2024-10-09 06:15:47,Tokyo,290.69,86,light intensity shower rain,7.72,2024-10-09 06:15:47
2024-10-09 06:15:48,Bogotá,285.14,100,moderate rain,1.54,2024-10-09 06:15:48
2024-10-09 06:15:50,Paris,286.77,97,moderate rain,5.14,2024-10-09 06:15:50
2024-10-10 06:15:32,London,282.81,88,broken clouds,3.6,2024-10-10 06:15:32
2024-10-10 06:15:33,New York,285.05,62,clear sky,5.14,2024-10-10 06:15:33
2024-10-10 06:15:34,Tokyo,294.35,66,broken clouds,7.2,2024-10-10 06:15:34
2024-10-10 06:15:36,Bogotá,285.14,94,broken clouds,1.03,2024-10-10 06:15:36
2024-10-10 06:15:37,Paris,286.02,97,light rain,4.63,2024-10-10 06:15:37
2024-10-11 06:15:28,London,277.33,91,clear sky,2.06,2024-10-11 06:15:28
2024-10-11 06:15:29,New York,282.54,66,clear sky,5.66,2024-10-11 06:15:29
2024-10-11 06:15:30,Tokyo,296.71,52,broken clouds,3.09,2024-10-11 06:15:30
2024-10-11 06:15:31,Bogotá,283.14,100,overcast clouds,1.03,2024-10-11 06:15:31
2024-10-11 06:15:33,Paris,281.16,97,fog,1.03,2024-10-11 06:15:33
2024-10-12 06:13:44,London,281.8,82,overcast clouds,3.09,2024-10-12 06:13:44
2024-10-12 06:13:45,New York,288.53,58,clear sky,4.63,2024-10-12 06:13:45
2024-10-12 06:13:46,Tokyo,299.25,53,few clouds,2.06,2024-10-12 06:13:46
2024-10-12 06:13:48,Bogotá,284.14,87,broken clouds,1.03,2024-10-12 06:13:48
2024-10-12 06:13:49,Paris,282.19,93,light rain,3.09,2024-10-12 06:13:49
2024-10-13 06:14:32,London,278.49,86,overcast clouds,1.79,2024-10-13 06:14:32
2024-10-13 06:14:33,New York,288.11,47,overcast clouds,4.02,2024-10-13 06:14:33
2024-10-13 06:14:35,Tokyo,299.7,46,scattered clouds,4.63,2024-10-13 06:14:35
2024-10-13 06:14:37,Bogotá,283.14,100,broken clouds,2.57,2024-10-13 06:14:37
2024-10-13 06:14:38,Paris,283.07,91,few clouds,2.57,2024-10-13 06:14:38
2024-10-14 06:16:15,London,282.13,91,light rain,6.17,2024-10-14 06:16:15
2024-10-14 06:16:16,New York,286.77,80,clear sky,4.63,2024-10-14 06:16:16
2024-10-14 06:16:17,Tokyo,298.77,58,scattered clouds,6.17,2024-10-14 06:16:17
2024-10-14 06:16:19,Bogotá,284.14,76,few clouds,1.54,2024-10-14 06:16:19
2024-10-14 06:16:20,Paris,283.67,91,clear sky,2.57,2024-10-14 06:16:20
2024-10-15 06:15:28,London,284.49,93,mist,4.12,2024-10-15 06:15:28
2024-10-15 06:15:30,New York,281.51,68,clear sky,5.66,2024-10-15 06:15:30
2024-10-15 06:15:31,Tokyo,299.49,53,few clouds,3.09,2024-10-15 06:15:31
2024-10-15 06:15:32,Bogotá,286.14,71,scattered clouds,1.54,2024-10-15 06:15:32
2024-10-15 06:15:34,Paris,285.62,98,mist,3.6,2024-10-15 06:15:34
2024-10-16 06:15:24,London,287.95,92,overcast clouds,2.06,2024-10-16 06:15:24
2024-10-16 06:15:26,New York,281.55,63,clear sky,6.69,2024-10-16 06:15:26
2024-10-16 06:15:27,Tokyo,298.5,65,broken clouds,4.63,2024-10-16 06:15:27
2024-10-16 06:15:29,Bogotá,284.14,100,few clouds,1.03,2024-10-16 06:15:29
2024-10-16 06:15:30,Paris,289.54,89,clear sky,3.6,2024-10-16 06:15:30
2024-10-17 06:15:23,London,288.75,92,overcast clouds,3.13,2024-10-17 06:15:23
2024-10-17 06:15:24,New York,281.42,65,clear sky,6.26,2024-10-17 06:15:24
2024-10-17 06:15:25,Tokyo,298.59,70,broken clouds,3.6,2024-10-17 06:15:25
2024-10-17 06:15:26,Bogotá,285.14,100,broken clouds,2.06,2024-10-17 06:15:26
2024-10-17 06:15:28,Paris,289.57,94,overcast clouds,3.09,2024-10-17 06:15:28
2024-10-18 06:15:35,London,282.59,93,fog,1.03,2024-10-18 06:15:35
2024-10-18 06:15:36,New York,283.54,60,clear sky,4.63,2024-10-18 06:15:36
2024-10-18 06:15:38,Tokyo,296.76,83,broken clouds,2.57,2024-10-18 06:15:38
2024-10-18 06:15:39,Bogotá,282.14,100,few clouds,2.06,2024-10-18 06:15:39
2024-10-18 06:15:40,Paris,285.81,98,light intensity drizzle,5.66,2024-10-18 06:15:40
2024-10-19 06:13:42,London,287.66,92,light rain,3.09,2024-10-19 06:13:42
2024-10-19 06:13:43,New York,285.54,57,clear sky,3.58,2024-10-19 06:13:43
2024-10-19 06:13:44,Tokyo,302.05,61,heavy intensity rain,7.72,2024-10-19 06:13:44
2024-10-19 06:13:45,Bogotá,284.14,100,scattered clouds,2.06,2024-10-19 06:13:45
2024-10-19 06:13:46,Paris,284.74,96,overcast clouds,5.14,2024-10-19 06:13:46
2024-10-20 06:14:21,London,286.49,87,overcast clouds,4.63,2024-10-20 06:14:21
2024-10-20 06:14:22,New York,286.2,67,clear sky,2.57,2024-10-20 06:14:22
2024-10-20 06:14:23,Tokyo,291.61,49,few clouds,8.75,2024-10-20 06:14:23
2024-10-20 06:14:25,Bogotá,285.14,100,broken clouds,1.03,2024-10-20 06:14:25
2024-10-20 06:14:26,Paris,285.92,97,mist,5.14,2024-10-20 06:14:26
2024-10-21 06:16:17,London,285.79,83,overcast clouds,4.12,2024-10-21 06:16:17
2024-10-21 06:16:18,New York,287.71,55,clear sky,2.57,2024-10-21 06:16:18
2024-10-21 06:16:19,Tokyo,293.57,50,broken clouds,5.14,2024-10-21 06:16:19
2024-10-21 06:16:21,Bogotá,284.14,100,scattered clouds,1.03,2024-10-21 06:16:21
2024-10-21 06:16:22,Paris,289.77,93,clear sky,4.12,2024-10-21 06:16:22
2024-10-22 06:15:35,London,281.93,92,clear sky,2.06,2024-10-22 06:15:35
2024-10-22 06:15:36,New York,291.29,59,clear sky,1.54,2024-10-22 06:15:36
2024-10-22 06:15:37,Tokyo,297.32,55,broken clouds,2.06,2024-10-22 06:15:37
2024-10-22 06:15:39,Bogotá,285.14,100,broken clouds,2.57,2024-10-22 06:15:39
2024-10-22 06:15:40,Paris,284.32,96,overcast clouds,3.09,2024-10-22 06:15:40
2024-10-23 06:15:51,London,285.28,89,broken clouds,1.79,2024-10-23 06:15:51
2024-10-23 06:15:53,New York,290.19,67,clear sky,2.57,2024-10-23 06:15:53
2024-10-23 06:15:54,Tokyo,297.13,87,broken clouds,10.8,2024-10-23 06:15:54
2024-10-23 06:15:56,Bogotá,285.14,100,light intensity drizzle,1.03,2024-10-23 06:15:56
2024-10-23 06:15:57,Paris,280.78,98,fog,1.54,2024-10-23 06:15:57
2024-10-24 06:15:51,London,282.27,92,clear sky,2.57,2024-10-24 06:15:51
2024-10-24 06:15:53,New York,289.79,83,scattered clouds,3.09,2024-10-24 06:15:53
2024-10-24 06:15:54,Tokyo,297.54,71,broken clouds,6.17,2024-10-24 06:15:54
2024-10-24 06:15:55,Bogotá,282.14,100,fog,1.03,2024-10-24 06:15:55
2024-10-24 06:15:56,Paris,280.81,94,clear sky,2.06,2024-10-24 06:15:56
2024-10-25 06:15:33,London,286.96,92,mist,3.6,2024-10-25 06:15:33
2024-10-25 06:15:35,New York,284.14,62,clear sky,6.17,2024-10-25 06:15:35
2024-10-25 06:15:36,Tokyo,294.71,65,broken clouds,6.17,2024-10-25 06:15:36
2024-10-25 06:15:38,Bogotá,284.14,87,scattered clouds,0.51,2024-10-25 06:15:38
2024-10-25 06:15:39,Paris,285.46,98,mist,3.6,2024-10-25 06:15:39
2024-10-26 06:13:57,London,283.13,93,broken clouds,1.03,2024-10-26 06:13:57
2024-10-26 06:13:59,New York,286.39,55,clear sky,2.06,2024-10-26 06:13:59
2024-10-26 06:14:00,Tokyo,293.97,73,light rain,4.12,2024-10-26 06:14:00
2024-10-26 06:14:01,Bogotá,285.14,100,few clouds,0,2024-10-26 06:14:01
2024-10-26 06:14:02,Paris,287.53,99,mist,2.57,2024-10-26 06:14:02
2024-10-27 06:14:21,London,281.51,91,few clouds,1.7,2024-10-27 06:14:21
2024-10-27 06:14:22,New York,283.39,53,clear sky,7.72,2024-10-27 06:14:22
2024-10-27 06:14:23,Tokyo,296.41,68,light intensity shower rain,1.03,2024-10-27 06:14:23
2024-10-27 06:14:25,Bogotá,287.14,94,scattered clouds,2.06,2024-10-27 06:14:25
2024-10-27 06:14:27,Paris,287.12,97,mist,3.6,2024-10-27 06:14:27
2024-10-28 06:16:36,London,285.31,89,few clouds,4.12,2024-10-28 06:16:36
2024-10-28 06:16:37,New York,282.05,64,clear sky,2.57,2024-10-28 06:16:37
2024-10-28 06:16:39,Tokyo,294.32,67,broken clouds,3.09,2024-10-28 06:16:39
2024-10-28 06:16:40,Bogotá,285.14,100,scattered clouds,3.09,2024-10-28 06:16:40
2024-10-28 06:16:41,Paris,285.2,99,fog,2.06,2024-10-28 06:16:41
2024-10-29 06:15:56,London,285.88,93,few clouds,3.09,2024-10-29 06:15:56
2024-10-29 06:15:57,New York,284.98,74,scattered clouds,2.06,2024-10-29 06:15:57
2024-10-29 06:15:58,Tokyo,289.36,76,moderate rain,6.17,2024-10-29 06:15:58
2024-10-29 06:16:00,Bogotá,283.14,100,few clouds,1.54,2024-10-29 06:16:00
2024-10-29 06:16:01,Paris,284.03,97,mist,2.57,2024-10-29 06:16:01
2024-10-31 06:15:14,London,283.23,91,overcast clouds,0,2024-10-31 06:15:14
2024-10-31 06:15:16,New York,290.26,75,clear sky,3.6,2024-10-31 06:15:16
2024-10-31 06:15:17,Tokyo,293.75,49,broken clouds,1.54,2024-10-31 06:15:17
2024-10-31 06:15:18,Bogotá,285.14,100,light intensity drizzle,1.03,2024-10-31 06:15:18
2024-10-31 06:15:20,Paris,283.63,97,mist,3.09,2024-10-31 06:15:20
2024-11-01 06:16:10,London,285.2,82,overcast clouds,0.45,2024-11-01 06:16:10
2024-11-01 06:16:11,New York,294.47,66,clear sky,6.69,2024-11-01 06:16:11
2024-11-01 06:16:13,Tokyo,295.06,58,heavy intensity rain,1.03,2024-11-01 06:16:13
2024-11-01 06:16:14,Bogotá,285.14,100,drizzle,1.03,2024-11-01 06:16:14
2024-11-01 06:16:15,Paris,281.81,99,fog,2.06,2024-11-01 06:16:15
2024-11-02 06:14:28,London,284.87,89,overcast clouds,2.06,2024-11-02 06:14:28
2024-11-02 06:14:29,New York,286.63,58,clear sky,5.66,2024-11-02 06:14:29
2024-11-02 06:14:30,Tokyo,290.23,93,light intensity shower rain,2.57,2024-11-02 06:14:30
2024-11-02 06:14:31,Bogotá,285.14,100,broken clouds,1.03,2024-11-02 06:14:31
2024-11-02 06:14:32,Paris,282.93,97,overcast clouds,5.14,2024-11-02 06:14:32
2024-11-03 06:15:50,London,285.04,83,overcast clouds,4.12,2024-11-03 06:15:50
2024-11-03 06:15:52,New York,280.8,61,clear sky,4.63,2024-11-03 06:15:52
2024-11-03 06:15:53,Tokyo,296.05,41,clear sky,5.14,2024-11-03 06:15:53
2024-11-03 06:15:55,Bogotá,285.14,100,drizzle,1.03,2024-11-03 06:15:55
2024-11-03 06:15:56,Paris,283.17,86,overcast clouds,4.63,2024-11-03 06:15:56
2024-11-04 06:16:41,London,283.41,84,overcast clouds,2.06,2024-11-04 06:16:41
2024-11-04 06:16:42,New York,281.29,50,clear sky,2.06,2024-11-04 06:16:42
2024-11-04 06:16:44,Tokyo,296.21,56,few clouds,7.72,2024-11-04 06:16:44
2024-11-04 06:16:45,Bogotá,286.14,100,broken clouds,1.03,2024-11-04 06:16:45
2024-11-04 06:16:46,Paris,279.51,97,mist,1.54,2024-11-04 06:16:46
2024-11-05 06:15:09,London,283.34,87,overcast clouds,1.54,2024-11-05 06:15:09
2024-11-05 06:15:10,New York,285.98,86,scattered clouds,2.68,2024-11-05 06:15:10
2024-11-05 06:15:11,Tokyo,292.25,59,broken clouds,6.69,2024-11-05 06:15:11
2024-11-05 06:15:12,Bogotá,284.14,100,broken clouds,1.03,2024-11-05 06:15:12
2024-11-05 06:15:13,Paris,280.98,99,fog,2.57,2024-11-05 06:15:13
2024-11-06 06:15:07,London,282.49,93,mist,1.03,2024-11-06 06:15:07
2024-11-06 06:15:08,New York,291.41,80,clear sky,4.02,2024-11-06 06:15:08
2024-11-06 06:15:10,Tokyo,289.21,66,broken clouds,4.63,2024-11-06 06:15:10
2024-11-06 06:15:11,Bogotá,284.11,95,overcast clouds,0.42,2024-11-06 06:15:11
2024-11-06 06:15:13,Paris,283.1,91,overcast clouds,2.57,2024-11-06 06:15:13
2024-11-07 06:14:51,London,282.9,92,overcast clouds,1.03,2024-11-07 06:14:51
2024-11-07 06:14:52,New York,294.26,71,clear sky,3.13,2024-11-07 06:14:52
2024-11-07 06:14:54,Tokyo,289.87,37,few clouds,8.23,2024-11-07 06:14:54
2024-11-07 06:14:55,Bogotá,286.14,100,broken clouds,1.03,2024-11-07 06:14:55
2024-11-07 06:14:56,Paris,283.63,95,overcast clouds,3.09,2024-11-07 06:14:56
2024-11-08 06:15:00,London,281.89,86,overcast clouds,2.68,2024-11-08 06:15:00
2024-11-08 06:15:02,New York,285.49,61,clear sky,5.66,2024-11-08 06:15:02
2024-11-08 06:15:08,Tokyo,289.66,46,few clouds,2.06,2024-11-08 06:15:08
2024-11-08 06:15:09,Bogotá,283.14,100,fog,1.03,2024-11-08 06:15:09
2024-11-08 06:15:10,Paris,280.62,98,mist,2.06,2024-11-08 06:15:10
2024-11-09 06:13:19,London,280.9,84,overcast clouds,0,2024-11-09 06:13:19
2024-11-09 06:13:20,New York,284.57,49,few clouds,12.86,2024-11-09 06:13:20
2024-11-09 06:13:21,Tokyo,290.39,49,broken clouds,4.63,2024-11-09 06:13:21
2024-11-09 06:13:22,Bogotá,286.14,88,broken clouds,1.54,2024-11-09 06:13:22
2024-11-09 06:13:24,Paris,282.59,98,fog,2.57,2024-11-09 06:13:24
2024-11-10 06:13:32,London,280.13,86,overcast clouds,0.45,2024-11-10 06:13:32
2024-11-10 06:13:33,New York,281.84,46,smoke,2.24,2024-11-10 06:13:33
2024-11-10 06:13:35,Tokyo,289.91,55,broken clouds,3.09,2024-11-10 06:13:35
2024-11-10 06:13:36,Bogotá,285.14,100,light rain,1.03,2024-11-10 06:13:36
2024-11-10 06:13:37,Paris,283.65,98,mist,3.09,2024-11-10 06:13:37
2024-11-11 06:15:39,London,282.26,86,overcast clouds,2.57,2024-11-11 06:15:39
2024-11-11 06:15:40,New York,285.92,92,mist,6.69,2024-11-11 06:15:40
2024-11-11 06:15:42,Tokyo,294.83,72,scattered clouds,2.06,2024-11-11 06:15:42
2024-11-11 06:15:43,Bogotá,286.14,100,broken clouds,2.06,2024-11-11 06:15:43
2024-11-11 06:15:44,Paris,280.95,98,overcast clouds,2.06,2024-11-11 06:15:44
2024-11-12 06:14:58,London,279.94,90,broken clouds,3.09,2024-11-12 06:14:58
2024-11-12 06:15:00,New York,286.81,63,clear sky,3.09,2024-11-12 06:15:00
2024-11-12 06:15:01,Tokyo,293.79,65,broken clouds,2.86,2024-11-12 06:15:01
2024-11-12 06:15:03,Bogotá,285.14,100,broken clouds,1.03,2024-11-12 06:15:03
2024-11-12 06:15:05,Paris,282.13,92,broken clouds,6.69,2024-11-12 06:15:05
2024-11-13 06:15:22,London,281.48,89,broken clouds,1.79,2024-11-13 06:15:22
2024-11-13 06:15:23,New York,277.57,52,smoke,6.69,2024-11-13 06:15:23
2024-11-13 06:15:25,Tokyo,292.86,52,few clouds,6.69,2024-11-13 06:15:25
2024-11-13 06:15:26,Bogotá,285.14,100,broken clouds,2.06,2024-11-13 06:15:26
2024-11-13 06:15:27,Paris,281.65,88,overcast clouds,4.63,2024-11-13 06:15:27
2024-11-14 06:15:39,London,282.42,91,overcast clouds,1.34,2024-11-14 06:15:39
2024-11-14 06:15:40,New York,278.37,49,clear sky,4.47,2024-11-14 06:15:40
2024-11-14 06:15:42,Tokyo,292.05,62,broken clouds,2.06,2024-11-14 06:15:42
2024-11-14 06:15:43,Bogotá,286.14,94,scattered clouds,1.54,2024-11-14 06:15:43
2024-11-14 06:15:44,Paris,280.05,92,broken clouds,2.06,2024-11-14 06:15:44
2024-11-15 06:18:10,London,281.44,80,overcast clouds,0.89,2024-11-15 06:18:10
2024-11-15 06:18:11,New York,279.43,50,clear sky,3.6,2024-11-15 06:18:11
2024-11-15 06:18:13,Tokyo,290.43,79,light rain,1.54,2024-11-15 06:18:13
2024-11-15 06:18:14,Bogotá,284.14,100,broken clouds,1.03,2024-11-15 06:18:14
2024-11-15 06:18:15,Paris,282.44,84,overcast clouds,3.09,2024-11-15 06:18:15
2024-11-16 06:14:43,London,279.12,90,overcast clouds,3.09,2024-11-16 06:14:43
2024-11-16 06:14:44,New York,281.69,46,clear sky,7.72,2024-11-16 06:14:44
2024-11-16 06:14:46,Tokyo,292.06,64,light rain,4.63,2024-11-16 06:14:46
2024-11-16 06:14:47,Bogotá,286.14,100,broken clouds,2.57,2024-11-16 06:14:47
2024-11-16 06:14:49,Paris,280.87,77,overcast clouds,1.54,2024-11-16 06:14:49
2024-11-17 06:14:41,London,280.38,88,overcast clouds,1.79,2024-11-17 06:14:41
2024-11-17 06:14:43,New York,282.48,44,clear sky,4.63,2024-11-17 06:14:43
2024-11-17 06:14:44,Tokyo,297.06,63,broken clouds,4.63,2024-11-17 06:14:44
2024-11-17 06:14:45,Bogotá,284.14,100,fog,1.79,2024-11-17 06:14:45
2024-11-17 06:14:46,Paris,278.57,89,overcast clouds,4.63,2024-11-17 06:14:46
2024-11-18 06:16:54,London,280.34,91,broken clouds,1.54,2024-11-18 06:16:54
2024-11-18 06:16:55,New York,283.25,58,clear sky,3.6,2024-11-18 06:16:55
2024-11-18 06:16:56,Tokyo,287.45,57,broken clouds,5.14,2024-11-18 06:16:56
2024-11-18 06:16:57,Bogotá,285.14,100,broken clouds,1.03,2024-11-18 06:16:57
2024-11-18 06:16:58,Paris,281.07,93,overcast clouds,5.66,2024-11-18 06:16:58
2024-11-19 06:15:58,London,276.46,92,overcast clouds,3.09,2024-11-19 06:15:58
2024-11-19 06:15:59,New York,284.12,56,clear sky,6.69,2024-11-19 06:15:59
2024-11-19 06:16:00,Tokyo,285.74,40,clear sky,5.66,2024-11-19 06:16:00
2024-11-19 06:16:02,Bogotá,284.79,100,broken clouds,1.03,2024-11-19 06:16:02
2024-11-19 06:16:03,Paris,284.72,89,overcast clouds,8.23,2024-11-19 06:16:03
2024-11-20 06:16:24,London,272.66,89,broken clouds,4.63,2024-11-20 06:16:24
2024-11-20 06:16:25,New York,285.04,65,broken clouds,3.09,2024-11-20 06:16:25
2024-11-20 06:16:26,Tokyo,281.78,72,light rain,5.14,2024-11-20 06:16:26
2024-11-20 06:16:28,Bogotá,284.79,100,broken clouds,2.57,2024-11-20 06:16:28
2024-11-20 06:16:29,Paris,275.64,93,clear sky,3.09,2024-11-20 06:16:29
2024-11-21 06:16:05,London,273.53,87,overcast clouds,2.06,2024-11-21 06:16:05
2024-11-21 06:16:06,New York,284.88,79,heavy intensity rain,7.2,2024-11-21 06:16:06
2024-11-21 06:16:07,Tokyo,286.4,88,broken clouds,2.06,2024-11-21 06:16:07
2024-11-21 06:16:09,Bogotá,285.83,100,light rain,1.03,2024-11-21 06:16:09
2024-11-21 06:16:10,Paris,274.04,97,light snow,2.57,2024-11-21 06:16:10
2024-11-22 06:16:12,London,275.91,79,light rain,7.2,2024-11-22 06:16:12
2024-11-22 06:16:13,New York,276.45,91,moderate rain,8.49,2024-11-22 06:16:13
2024-11-22 06:16:15,Tokyo,290.51,58,few clouds,2.57,2024-11-22 06:16:15
2024-11-22 06:16:16,Bogotá,286.05,99,light rain,1.54,2024-11-22 06:16:16
2024-11-22 06:16:17,Paris,274.16,97,light snow,6.17,2024-11-22 06:16:17
2024-11-23 06:14:15,London,278.03,91,scattered clouds,2.68,2024-11-23 06:14:15
2024-11-23 06:14:16,New York,276.25,92,overcast clouds,4.12,2024-11-23 06:14:16
2024-11-23 06:14:18,Tokyo,288.84,31,few clouds,9.77,2024-11-23 06:14:18
2024-11-23 06:14:19,Bogotá,285.14,100,broken clouds,1.03,2024-11-23 06:14:19
2024-11-23 06:14:20,Paris,275.23,95,light rain,5.66,2024-11-23 06:14:20
2024-11-24 06:14:27,London,289.24,78,broken clouds,10.29,2024-11-24 06:14:27
2024-11-24 06:14:28,New York,282.14,63,overcast clouds,6.26,2024-11-24 06:14:28
2024-11-24 06:14:29,Tokyo,288.22,42,few clouds,3.6,2024-11-24 06:14:29
2024-11-24 06:14:30,Bogotá,284.79,94,scattered clouds,1.54,2024-11-24 06:14:30
2024-11-24 06:14:31,Paris,286.55,68,clear sky,9.77,2024-11-24 06:14:31
2024-11-25 06:16:53,London,283.55,88,overcast clouds,4.63,2024-11-25 06:16:53
2024-11-25 06:16:54,New York,279.95,69,clear sky,6.17,2024-11-25 06:16:54
2024-11-25 06:16:55,Tokyo,287.71,42,few clouds,3.09,2024-11-25 06:16:55
2024-11-25 06:16:56,Bogotá,281.87,100,few clouds,1.03,2024-11-25 06:16:56
2024-11-25 06:16:57,Paris,288.36,73,light rain,6.17,2024-11-25 06:16:57
2024-11-26 06:16:05,London,280.45,82,broken clouds,3.09,2024-11-26 06:16:05
2024-11-26 06:16:06,New York,284,66,overcast clouds,3.13,2024-11-26 06:16:06
2024-11-26 06:16:08,Tokyo,286.87,51,broken clouds,3.09,2024-11-26 06:16:08
2024-11-26 06:16:09,Bogotá,281.26,100,few clouds,1.34,2024-11-26 06:16:09
2024-11-26 06:16:10,Paris,281.91,95,overcast clouds,3.6,2024-11-26 06:16:10
2024-11-27 06:16:33,London,281.99,93,heavy intensity rain,1.03,2024-11-27 06:16:33
2024-11-27 06:16:35,New York,280.44,63,clear sky,4.12,2024-11-27 06:16:35
2024-11-27 06:16:36,Tokyo,294.17,56,clear sky,6.69,2024-11-27 06:16:36
2024-11-27 06:16:37,Bogotá,281.87,100,scattered clouds,1.03,2024-11-27 06:16:37
2024-11-27 06:16:38,Paris,283.8,89,broken clouds,6.69,2024-11-27 06:16:38
2024-11-28 06:16:43,London,274.3,92,broken clouds,0.45,2024-11-28 06:16:43
2024-11-28 06:16:45,New York,281.28,58,overcast clouds,1.54,2024-11-28 06:16:45
2024-11-28 06:16:46,Tokyo,289.56,27,few clouds,11.83,2024-11-28 06:16:46
2024-11-28 06:16:47,Bogotá,281.87,100,fog,0,2024-11-28 06:16:47
2024-11-28 06:16:49,Paris,279.28,89,light rain,2.57,2024-11-28 06:16:49
2024-11-29 06:16:23,London,276.58,92,overcast clouds,2.57,2024-11-29 06:16:23
2024-11-29 06:16:24,New York,278.41,69,clear sky,7.72,2024-11-29 06:16:24
2024-11-29 06:16:25,Tokyo,289.26,32,scattered clouds,3.09,2024-11-29 06:16:25
2024-11-29 06:16:27,Bogotá,284.14,100,scattered clouds,2.57,2024-11-29 06:16:27
2024-11-29 06:16:28,Paris,275.59,96,clear sky,4.12,2024-11-29 06:16:28
2024-11-30 06:14:58,London,284.03,90,broken clouds,2.06,2024-11-30 06:14:58
2024-11-30 06:15:00,New York,274.05,62,clear sky,5.66,2024-11-30 06:15:00
2024-11-30 06:15:01,Tokyo,289.01,43,few clouds,5.14,2024-11-30 06:15:01
2024-11-30 06:15:02,Bogotá,281.87,100,scattered clouds,1.54,2024-11-30 06:15:02
2024-11-30 06:15:03,Paris,274.01,95,clear sky,2.57,2024-11-30 06:15:03
2024-12-01 06:15:17,London,284.53,89,few clouds,4.12,2024-12-01 06:15:17
2024-12-01 06:15:18,New York,271.66,56,clear sky,6.17,2024-12-01 06:15:18
2024-12-01 06:15:19,Tokyo,289.75,48,few clouds,4.63,2024-12-01 06:15:19
2024-12-01 06:15:21,Bogotá,282.09,100,scattered clouds,2.06,2024-12-01 06:15:21
2024-12-01 06:15:22,Paris,274.89,100,fog,4.63,2024-12-01 06:15:22
2024-12-02 06:17:14,London,283.1,86,broken clouds,5.14,2024-12-02 06:17:14
2024-12-02 06:17:16,New York,273.07,51,clear sky,5.14,2024-12-02 06:17:16
2024-12-02 06:17:17,Tokyo,289.97,50,few clouds,1.54,2024-12-02 06:17:17
2024-12-02 06:17:18,Bogotá,283.74,100,broken clouds,1.03,2024-12-02 06:17:18
2024-12-02 06:17:19,Paris,284.84,93,overcast clouds,4.63,2024-12-02 06:17:19
2024-12-03 06:16:56,London,278.63,88,broken clouds,2.57,2024-12-03 06:16:56
2024-12-03 06:16:57,New York,273.88,64,overcast clouds,4.63,2024-12-03 06:16:57
2024-12-03 06:16:58,Tokyo,290.11,54,few clouds,4.12,2024-12-03 06:16:58
2024-12-03 06:17:00,Bogotá,284.79,100,few clouds,1.54,2024-12-03 06:17:00
2024-12-03 06:17:01,Paris,279.46,90,overcast clouds,3.6,2024-12-03 06:17:01
2024-12-04 06:16:56,London,277.42,89,overcast clouds,3.13,2024-12-04 06:16:56
2024-12-04 06:16:57,New York,273.31,51,clear sky,3.6,2024-12-04 06:16:57
2024-12-04 06:16:59,Tokyo,291.22,42,few clouds,2.57,2024-12-04 06:16:59
2024-12-04 06:17:00,Bogotá,283.74,100,fog,1.03,2024-12-04 06:17:00
2024-12-04 06:17:01,Paris,276.38,99,mist,1.54,2024-12-04 06:17:01
2024-12-05 06:16:47,London,284.52,91,broken clouds,5.14,2024-12-05 06:16:47
2024-12-05 06:16:48,New York,274.78,88,snow,5.66,2024-12-05 06:16:48
2024-12-05 06:16:49,Tokyo,288.39,45,broken clouds,1.54,2024-12-05 06:16:49
2024-12-05 06:16:51,Bogotá,283.96,100,broken clouds,1.54,2024-12-05 06:16:51
2024-12-05 06:16:52,Paris,278.62,91,light rain,7.2,2024-12-05 06:16:52
2024-12-06 06:16:49,London,280.17,74,scattered clouds,5.66,2024-12-06 06:16:49
2024-12-06 06:16:51,New York,273.2,60,overcast clouds,10.29,2024-12-06 06:16:51
2024-12-06 06:16:52,Tokyo,289.74,40,few clouds,8.75,2024-12-06 06:16:52
2024-12-06 06:16:53,Bogotá,285.64,97,broken clouds,1.79,2024-12-06 06:16:53
2024-12-06 06:16:55,Paris,281.91,85,broken clouds,5.66,2024-12-06 06:16:55
2024-12-07 06:15:00,London,282.75,74,broken clouds,12.35,2024-12-07 06:15:00
2024-12-07 06:15:01,New York,273.25,55,broken clouds,6.69,2024-12-07 06:15:01
2024-12-07 06:15:02,Tokyo,285.61,45,few clouds,2.57,2024-12-07 06:15:02
2024-12-07 06:15:03,Bogotá,283.13,97,fog,1.03,2024-12-07 06:15:03
2024-12-07 06:15:05,Paris,283.88,91,overcast clouds,6.17,2024-12-07 06:15:05
2024-12-08 06:15:01,London,280.18,86,moderate rain,7.72,2024-12-08 06:15:01
2024-12-08 06:15:03,New York,276.48,49,broken clouds,6.69,2024-12-08 06:15:03
2024-12-08 06:15:04,Tokyo,285.9,33,few clouds,8.23,2024-12-08 06:15:04
2024-12-08 06:15:05,Bogotá,285.83,100,scattered clouds,1.03,2024-12-08 06:15:05
2024-12-08 06:15:07,Paris,280.96,89,overcast clouds,9.77,2024-12-08 06:15:07
2024-12-09 06:17:24,London,280.54,84,scattered clouds,4.02,2024-12-09 06:17:24
2024-12-09 06:17:26,New York,279.34,70,clear sky,0,2024-12-09 06:17:26
2024-12-09 06:17:27,Tokyo,285.96,27,few clouds,2.57,2024-12-09 06:17:27
2024-12-09 06:17:28,Bogotá,283.74,100,few clouds,1.03,2024-12-09 06:17:28
2024-12-09 06:17:30,Paris,279.28,91,overcast clouds,6.17,2024-12-09 06:17:30
2024-12-10 06:16:52,London,279.09,89,overcast clouds,5.66,2024-12-10 06:16:52
2024-12-10 06:16:54,New York,281.6,93,mist,2.24,2024-12-10 06:16:54
2024-12-10 06:16:55,Tokyo,286.31,35,few clouds,3.6,2024-12-10 06:16:55
2024-12-10 06:16:56,Bogotá,283.14,93,broken clouds,2.06,2024-12-10 06:16:56
2024-12-10 06:16:58,Paris,278.59,85,overcast clouds,6.69,2024-12-10 06:16:58
2024-12-11 06:17:02,London,278.91,85,overcast clouds,4.63,2024-12-11 06:17:02
2024-12-11 06:17:04,New York,283.4,96,moderate rain,4.12,2024-12-11 06:17:04
2024-12-11 06:17:05,Tokyo,286.86,36,broken clouds,2.06,2024-12-11 06:17:05
2024-12-11 06:17:06,Bogotá,280.64,100,few clouds,1.79,2024-12-11 06:17:06
2024-12-11 06:17:07,Paris,278.19,91,light rain,5.14,2024-12-11 06:17:07
2024-12-12 06:17:11,London,278.26,89,overcast clouds,0.89,2024-12-12 06:17:11
2024-12-12 06:17:12,New York,277.86,71,broken clouds,6.26,2024-12-12 06:17:12
2024-12-12 06:17:13,Tokyo,283.55,29,scattered clouds,7.2,2024-12-12 06:17:13
2024-12-12 06:17:15,Bogotá,283.74,100,fog,1.03,2024-12-12 06:17:15
2024-12-12 06:17:16,Paris,277.5,84,overcast clouds,4.63,2024-12-12 06:17:16
2024-12-13 06:17:00,London,279.22,95,light intensity drizzle,3.09,2024-12-13 06:17:00
2024-12-13 06:17:01,New York,271.18,45,clear sky,4.63,2024-12-13 06:17:01
2024-12-13 06:17:03,Tokyo,280.34,47,broken clouds,4.63,2024-12-13 06:17:03
2024-12-13 06:17:04,Bogotá,285.83,100,broken clouds,3.09,2024-12-13 06:17:04
2024-12-13 06:17:05,Paris,276.34,85,overcast clouds,3.6,2024-12-13 06:17:05
2024-12-14 06:14:57,London,278.17,94,broken clouds,3.09,2024-12-14 06:14:57
2024-12-14 06:14:58,New York,270.84,52,clear sky,4.92,2024-12-14 06:14:58
2024-12-14 06:14:59,Tokyo,284.51,24,few clouds,9.26,2024-12-14 06:14:59
2024-12-14 06:15:00,Bogotá,282.14,100,fog,1.03,2024-12-14 06:15:00
2024-12-14 06:15:01,Paris,274.82,91,mist,1.54,2024-12-14 06:15:01
2024-12-15 06:15:15,London,280.19,93,broken clouds,4.12,2024-12-15 06:15:15
2024-12-15 06:15:16,New York,271.95,60,clear sky,4.47,2024-12-15 06:15:16
2024-12-15 06:15:18,Tokyo,285.98,43,few clouds,4.63,2024-12-15 06:15:18
2024-12-15 06:15:19,Bogotá,284.14,100,few clouds,2.06,2024-12-15 06:15:19
2024-12-15 06:15:20,Paris,275.91,94,clear sky,4.12,2024-12-15 06:15:20
2024-12-16 06:17:21,London,283.56,86,overcast clouds,6.17,2024-12-16 06:17:21
2024-12-16 06:17:22,New York,276.98,87,moderate rain,3.6,2024-12-16 06:17:22
2024-12-16 06:17:23,Tokyo,285.29,42,few clouds,2.57,2024-12-16 06:17:23
2024-12-16 06:17:24,Bogotá,284.79,94,broken clouds,1.54,2024-12-16 06:17:24
2024-12-16 06:17:26,Paris,282.16,94,overcast clouds,5.14,2024-12-16 06:17:26
2024-12-17 06:16:29,London,280.22,93,overcast clouds,1.34,2024-12-17 06:16:29
2024-12-17 06:16:31,New York,283.72,94,light rain,5.36,2024-12-17 06:16:31
2024-12-17 06:16:32,Tokyo,286.7,38,few clouds,2.06,2024-12-17 06:16:32
2024-12-17 06:16:33,Bogotá,282.14,100,broken clouds,1.03,2024-12-17 06:16:33
2024-12-17 06:16:35,Paris,280.88,96,mist,2.57,2024-12-17 06:16:35
2024-12-18 06:16:11,London,286.55,87,broken clouds,8.23,2024-12-18 06:16:11
2024-12-18 06:16:12,New York,281.3,65,clear sky,6.17,2024-12-18 06:16:12
2024-12-18 06:16:14,Tokyo,285.28,37,few clouds,6.69,2024-12-18 06:16:14
2024-12-18 06:16:15,Bogotá,283.74,100,few clouds,3.09,2024-12-18 06:16:15
2024-12-18 06:16:16,Paris,281.86,81,broken clouds,7.72,2024-12-18 06:16:16
2024-12-19 06:16:21,London,279.91,84,light rain,6.69,2024-12-19 06:16:21
2024-12-19 06:16:22,New York,280.01,89,moderate rain,4.47,2024-12-19 06:16:22
2024-12-19 06:16:23,Tokyo,282.3,39,few clouds,4.63,2024-12-19 06:16:23
2024-12-19 06:16:24,Bogotá,283.74,100,few clouds,2.68,2024-12-19 06:16:24
2024-12-19 06:16:25,Paris,285.69,89,overcast clouds,7.2,2024-12-19 06:16:25
2024-12-20 06:15:20,London,275.68,88,broken clouds,3.6,2024-12-20 06:15:20
2024-12-20 06:15:21,New York,275.7,61,clear sky,3.6,2024-12-20 06:15:21
2024-12-20 06:15:23,Tokyo,283.49,47,overcast clouds,5.14,2024-12-20 06:15:23
2024-12-20 06:15:24,Bogotá,284.14,100,fog,1.03,2024-12-20 06:15:24
2024-12-20 06:15:25,Paris,275.7,93,clear sky,5.14,2024-12-20 06:15:25
2024-12-21 06:13:43,London,279.55,91,overcast clouds,4.63,2024-12-21 06:13:43
2024-12-21 06:13:44,New York,273.37,87,overcast clouds,4.92,2024-12-21 06:13:44
2024-12-21 06:13:45,Tokyo,288.68,45,few clouds,11.32,2024-12-21 06:13:45
2024-12-21 06:13:46,Bogotá,282.14,100,few clouds,1.54,2024-12-21 06:13:46
2024-12-21 06:13:48,Paris,281.35,95,broken clouds,3.6,2024-12-21 06:13:48
2024-12-22 06:13:48,London,278.05,77,broken clouds,6.69,2024-12-22 06:13:48
2024-12-22 06:13:49,New York,265.84,61,clear sky,6.71,2024-12-22 06:13:49
2024-12-22 06:13:50,Tokyo,281.94,34,few clouds,12.86,2024-12-22 06:13:50
2024-12-22 06:13:52,Bogotá,283.23,100,broken clouds,0.73,2024-12-22 06:13:52
2024-12-22 06:13:53,Paris,280.73,85,moderate rain,9.26,2024-12-22 06:13:53
2024-12-23 06:16:05,London,278.21,68,scattered clouds,1.79,2024-12-23 06:16:05
2024-12-23 06:16:06,New York,263.13,59,clear sky,6.26,2024-12-23 06:16:06
2024-12-23 06:16:07,Tokyo,283.41,35,few clouds,4.63,2024-12-23 06:16:07
2024-12-23 06:16:09,Bogotá,284.14,100,broken clouds,1.54,2024-12-23 06:16:09
2024-12-23 06:16:10,Paris,278.73,78,few clouds,9.26,2024-12-23 06:16:10
2024-12-24 06:15:25,London,281.43,94,overcast clouds,4.12,2024-12-24 06:15:25
2024-12-24 06:15:26,New York,272.02,72,clear sky,5.14,2024-12-24 06:15:26
2024-12-24 06:15:27,Tokyo,285.13,25,few clouds,4.12,2024-12-24 06:15:27
2024-12-24 06:15:28,Bogotá,285.14,100,light rain,2.57,2024-12-24 06:15:28
2024-12-24 06:15:29,Paris,278.78,98,mist,3.09,2024-12-24 06:15:29
2024-12-25 06:15:29,London,282.19,91,overcast clouds,3.6,2024-12-25 06:15:29
2024-12-25 06:15:30,New York,273.26,75,broken clouds,2.68,2024-12-25 06:15:30
2024-12-25 06:15:31,Tokyo,283.3,38,broken clouds,2.57,2024-12-25 06:15:31
2024-12-25 06:15:33,Bogotá,286.14,100,broken clouds,1.54,2024-12-25 06:15:33
2024-12-25 06:15:34,Paris,282.44,99,mist,1.54,2024-12-25 06:15:34
2024-12-26 06:15:37,London,279.98,94,overcast clouds,0.89,2024-12-26 06:15:37
2024-12-26 06:15:38,New York,270.48,68,clear sky,4.63,2024-12-26 06:15:38
2024-12-26 06:15:39,Tokyo,287.89,47,broken clouds,2.06,2024-12-26 06:15:39
2024-12-26 06:15:41,Bogotá,284.79,99,broken clouds,0,2024-12-26 06:15:41
2024-12-26 06:15:42,Paris,279.65,98,fog,3.09,2024-12-26 06:15:42
2024-12-27 06:15:08,London,279.36,95,mist,1.03,2024-12-27 06:15:08
2024-12-27 06:15:09,New York,271.28,72,clear sky,3.13,2024-12-27 06:15:09
2024-12-27 06:15:10,Tokyo,284.11,45,broken clouds,3.6,2024-12-27 06:15:10
2024-12-27 06:15:11,Bogotá,285.14,100,scattered clouds,1.03,2024-12-27 06:15:11
2024-12-27 06:15:13,Paris,274.74,95,broken clouds,1.54,2024-12-27 06:15:13
2024-12-28 06:13:48,London,277.14,95,overcast clouds,2.06,2024-12-28 06:13:48
2024-12-28 06:13:49,New York,277.71,82,overcast clouds,1.34,2024-12-28 06:13:49
2024-12-28 06:13:50,Tokyo,283.35,40,scattered clouds,2.57,2024-12-28 06:13:50
2024-12-28 06:13:51,Bogotá,285.14,100,broken clouds,3.09,2024-12-28 06:13:51
2024-12-28 06:13:53,Paris,272.89,98,fog,1.54,2024-12-28 06:13:53
2024-12-29 06:14:09,London,277.67,95,overcast clouds,3.09,2024-12-29 06:14:09
2024-12-29 06:14:10,New York,281.42,95,mist,0.45,2024-12-29 06:14:10
2024-12-29 06:14:11,Tokyo,285.24,33,few clouds,3.6,2024-12-29 06:14:11
2024-12-29 06:14:12,Bogotá,286.14,100,broken clouds,1.54,2024-12-29 06:14:12
2024-12-29 06:14:13,Paris,274.5,96,mist,1.54,2024-12-29 06:14:13
2024-12-30 06:15:57,London,280.95,84,overcast clouds,5.14,2024-12-30 06:15:57
2024-12-30 06:15:58,New York,286.12,86,overcast clouds,8.75,2024-12-30 06:15:58
2024-12-30 06:15:59,Tokyo,282.02,43,broken clouds,2.06,2024-12-30 06:15:59
2024-12-30 06:16:00,Bogotá,286.14,100,scattered clouds,1.54,2024-12-30 06:16:00
2024-12-30 06:16:01,Paris,277.25,95,overcast clouds,1.03,2024-12-30 06:16:01
2024-12-31 06:15:17,London,281.28,88,broken clouds,3.58,2024-12-31 06:15:17
2024-12-31 06:15:18,New York,281.43,60,clear sky,6.26,2024-12-31 06:15:18
2024-12-31 06:15:20,Tokyo,287.57,39,few clouds,3.6,2024-12-31 06:15:20
2024-12-31 06:15:21,Bogotá,283.14,100,scattered clouds,1.54,2024-12-31 06:15:21
2024-12-31 06:15:23,Paris,275.87,97,light intensity drizzle,4.12,2024-12-31 06:15:23
2025-01-01 06:15:36,London,285.1,80,overcast clouds,8.94,2025-01-01 06:15:36
2025-01-01 06:15:37,New York,281.35,92,mist,5.14,2025-01-01 06:15:37
2025-01-01 06:15:38,Tokyo,284.57,25,few clouds,4.12,2025-01-01 06:15:38
2025-01-01 06:15:39,Bogotá,282.14,100,scattered clouds,1.03,2025-01-01 06:15:39
2025-01-01 06:15:41,Paris,277.77,95,overcast clouds,6.69,2025-01-01 06:15:41
2025-01-02 06:15:19,London,275.7,90,broken clouds,0.89,2025-01-02 06:15:19
2025-01-02 06:15:20,New York,276.94,61,clear sky,10.29,2025-01-02 06:15:20
2025-01-02 06:15:22,Tokyo,286.06,38,scattered clouds,2.57,2025-01-02 06:15:22
2025-01-02 06:15:23,Bogotá,283.96,100,overcast clouds,2.57,2025-01-02 06:15:23
2025-01-02 06:15:24,Paris,278.18,98,heavy intensity rain,1.54,2025-01-02 06:15:24
2025-01-03 06:15:18,London,271.79,90,clear sky,2.68,2025-01-03 06:15:18
2025-01-03 06:15:19,New York,273.88,55,few clouds,8.75,2025-01-03 06:15:19
2025-01-03 06:15:20,Tokyo,279.89,73,broken clouds,5.66,2025-01-03 06:15:20
2025-01-03 06:15:21,Bogotá,286.14,100,scattered clouds,1.03,2025-01-03 06:15:21
2025-01-03 06:15:23,Paris,272.21,99,fog,1.54,2025-01-03 06:15:23
2025-01-04 06:13:51,London,273.3,92,overcast clouds,1.54,2025-01-04 06:13:51
2025-01-04 06:13:52,New York,272.17,56,clear sky,8.75,2025-01-04 06:13:52
2025-01-04 06:13:53,Tokyo,282.55,30,few clouds,3.6,2025-01-04 06:13:53
2025-01-04 06:13:54,Bogotá,285.14,94,broken clouds,1.54,2025-01-04 06:13:54
2025-01-04 06:13:55,Paris,270,97,fog,2.06,2025-01-04 06:13:55
2025-01-05 06:14:10,London,275.64,95,overcast clouds,5.66,2025-01-05 06:14:10
2025-01-05 06:14:11,New York,271.01,50,overcast clouds,8.75,2025-01-05 06:14:11
2025-01-05 06:14:12,Tokyo,282.73,51,broken clouds,2.06,2025-01-05 06:14:12
2025-01-05 06:14:14,Bogotá,285,90,scattered clouds,2.57,2025-01-05 06:14:14
2025-01-05 06:14:15,Paris,284.14,96,light rain,9.26,2025-01-05 06:14:15
2025-01-06 06:16:17,London,284.59,93,light rain,6.26,2025-01-06 06:16:17
2025-01-06 06:16:19,New York,271.04,60,broken clouds,1.79,2025-01-06 06:16:19
2025-01-06 06:16:20,Tokyo,280.9,71,overcast clouds,1.05,2025-01-06 06:16:20
2025-01-06 06:16:21,Bogotá,287.12,84,overcast clouds,0.35,2025-01-06 06:16:21
2025-01-06 06:16:22,Paris,284.95,81,overcast clouds,0.45,2025-01-06 06:16:22
2025-01-07 06:16:02,London,274.29,88,broken clouds,4.63,2025-01-07 06:16:02
2025-01-07 06:16:04,New York,266.19,62,clear sky,7.72,2025-01-07 06:16:04
2025-01-07 06:16:05,Tokyo,285.67,55,few clouds,7.2,2025-01-07 06:16:05
2025-01-07 06:16:06,Bogotá,283.14,100,few clouds,1.54,2025-01-07 06:16:06
2025-01-07 06:16:08,Paris,277.35,83,few clouds,6.17,2025-01-07 06:16:08
2025-01-08 06:15:37,London,272.66,93,overcast clouds,0.45,2025-01-08 06:15:37
2025-01-08 06:15:38,New York,270.04,52,clear sky,12.35,2025-01-08 06:15:38
2025-01-08 06:15:39,Tokyo,283.63,32,broken clouds,9.77,2025-01-08 06:15:39
2025-01-08 06:15:40,Bogotá,286.14,100,broken clouds,2.06,2025-01-08 06:15:40
2025-01-08 06:15:41,Paris,278.3,93,clear sky,2.57,2025-01-08 06:15:41
2025-01-09 06:15:04,London,274.61,92,few clouds,2.06,2025-01-09 06:15:04
2025-01-09 06:15:06,New York,267.77,54,few clouds,7.6,2025-01-09 06:15:06
2025-01-09 06:15:07,Tokyo,286.16,17,few clouds,11.32,2025-01-09 06:15:07
2025-01-09 06:15:08,Bogotá,286.14,100,scattered clouds,2.06,2025-01-09 06:15:08
2025-01-09 06:15:10,Paris,283.91,97,overcast clouds,4.63,2025-01-09 06:15:10
2025-01-10 06:15:39,London,271.04,94,scattered clouds,1.54,2025-01-10 06:15:39
2025-01-10 06:15:40,New York,270.76,62,clear sky,11.32,2025-01-10 06:15:40
2025-01-10 06:15:42,Tokyo,282.15,23,few clouds,9.26,2025-01-10 06:15:42
2025-01-10 06:15:43,Bogotá,287.14,94,broken clouds,2.06,2025-01-10 06:15:43
2025-01-10 06:15:44,Paris,276.08,94,clear sky,2.06,2025-01-10 06:15:44
2025-01-11 06:13:57,London,270.91,93,clear sky,0,2025-01-11 06:13:57
2025-01-11 06:13:58,New York,274.2,54,overcast clouds,2.24,2025-01-11 06:13:58
2025-01-11 06:13:59,Tokyo,284.35,25,few clouds,3.09,2025-01-11 06:13:59
2025-01-11 06:14:01,Bogotá,283.74,100,scattered clouds,1.03,2025-01-11 06:14:01
2025-01-11 06:14:02,Paris,273.29,98,fog,3.6,2025-01-11 06:14:02
2025-01-12 06:14:15,London,272.22,96,fog,0.45,2025-01-12 06:14:15
2025-01-12 06:14:16,New York,272.54,65,clear sky,6.17,2025-01-12 06:14:16
2025-01-12 06:14:17,Tokyo,281.47,56,broken clouds,2.57,2025-01-12 06:14:17
2025-01-12 06:14:18,Bogotá,282.3,96,few clouds,1.03,2025-01-12 06:14:18
2025-01-12 06:14:20,Paris,274.75,94,overcast clouds,3.6,2025-01-12 06:14:20
2025-01-13 06:16:27,London,277.33,82,overcast clouds,3.09,2025-01-13 06:16:27
2025-01-13 06:16:29,New York,275.71,60,broken clouds,3.6,2025-01-13 06:16:29
2025-01-13 06:16:30,Tokyo,284.65,31,few clouds,11.83,2025-01-13 06:16:30
2025-01-13 06:16:31,Bogotá,277.14,100,few clouds,1.54,2025-01-13 06:16:31
2025-01-13 06:16:33,Paris,274.97,75,broken clouds,4.12,2025-01-13 06:16:33
2025-01-14 06:14:40,London,277.6,88,overcast clouds,3.6,2025-01-14 06:14:40
2025-01-14 06:14:41,New York,273.92,53,clear sky,5.66,2025-01-14 06:14:41
2025-01-14 06:14:42,Tokyo,286.07,42,few clouds,1.54,2025-01-14 06:14:42
2025-01-14 06:14:44,Bogotá,284.36,94,broken clouds,1.54,2025-01-14 06:14:44
2025-01-14 06:14:45,Paris,270,92,clear sky,2.06,2025-01-14 06:14:45
2025-01-15 06:14:53,London,281.77,95,mist,1.54,2025-01-15 06:14:53
2025-01-15 06:14:54,New York,268.8,53,clear sky,7.2,2025-01-15 06:14:54
2025-01-15 06:14:55,Tokyo,286.96,36,broken clouds,8.75,2025-01-15 06:14:55
2025-01-15 06:14:56,Bogotá,284.17,79,scattered clouds,2.24,2025-01-15 06:14:56
2025-01-15 06:14:57,Paris,275.11,97,fog,1.54,2025-01-15 06:14:57
2025-01-16 06:14:52,London,279.86,95,overcast clouds,1.54,2025-01-16 06:14:52
2025-01-16 06:14:53,New York,270.34,57,clear sky,5.14,2025-01-16 06:14:53
2025-01-16 06:14:55,Tokyo,280.35,38,broken clouds,3.09,2025-01-16 06:14:55
2025-01-16 06:14:56,Bogotá,284.14,97,broken clouds,1.03,2025-01-16 06:14:56
2025-01-16 06:14:57,Paris,276.02,97,mist,3.6,2025-01-16 06:14:57
2025-01-17 06:14:53,London,278.6,87,overcast clouds,4.12,2025-01-17 06:14:53
2025-01-17 06:14:54,New York,270.21,77,broken clouds,5.14,2025-01-17 06:14:54
2025-01-17 06:14:56,Tokyo,281.73,26,few clouds,8.23,2025-01-17 06:14:56
2025-01-17 06:14:57,Bogotá,282.14,100,few clouds,1.54,2025-01-17 06:14:57
2025-01-17 06:14:58,Paris,273.07,95,mist,2.57,2025-01-17 06:14:58
2025-01-18 06:13:24,London,275.63,88,overcast clouds,1.54,2025-01-18 06:13:24
2025-01-18 06:13:25,New York,274.45,64,clear sky,5.14,2025-01-18 06:13:25
2025-01-18 06:13:27,Tokyo,282.12,35,few clouds,4.63,2025-01-18 06:13:27
2025-01-18 06:13:28,Bogotá,282.3,99,scattered clouds,1.54,2025-01-18 06:13:28
2025-01-18 06:13:29,Paris,273.59,97,mist,3.09,2025-01-18 06:13:29
2025-01-19 06:13:38,London,275.52,84,overcast clouds,2.57,2025-01-19 06:13:38
2025-01-19 06:13:39,New York,276.63,91,mist,3.13,2025-01-19 06:13:39
2025-01-19 06:13:40,Tokyo,281.76,45,broken clouds,2.06,2025-01-19 06:13:40
2025-01-19 06:13:42,Bogotá,281.05,99,few clouds,1.54,2025-01-19 06:13:42
2025-01-19 06:13:43,Paris,273.32,92,mist,1.54,2025-01-19 06:13:43
2025-01-20 06:15:40,London,275.69,90,overcast clouds,0.89,2025-01-20 06:15:40
2025-01-20 06:15:41,New York,267.96,84,overcast clouds,6.26,2025-01-20 06:15:41
2025-01-20 06:15:43,Tokyo,286.47,56,few clouds,2.06,2025-01-20 06:15:43
2025-01-20 06:15:44,Bogotá,281.26,97,scattered clouds,1.79,2025-01-20 06:15:44
2025-01-20 06:15:45,Paris,272.42,95,mist,2.57,2025-01-20 06:15:45
2025-01-21 06:15:05,London,275.74,94,fog,1.03,2025-01-21 06:15:05
2025-01-21 06:15:07,New York,264.16,52,clear sky,4.12,2025-01-21 06:15:07
2025-01-21 06:15:08,Tokyo,284.98,66,few clouds,3.6,2025-01-21 06:15:08
2025-01-21 06:15:10,Bogotá,284.22,100,overcast clouds,0.89,2025-01-21 06:15:10
2025-01-21 06:15:11,Paris,271.81,98,fog,2.06,2025-01-21 06:15:11
2025-01-22 06:15:24,London,275.77,93,overcast clouds,1.03,2025-01-22 06:15:24
2025-01-22 06:15:25,New York,263.58,49,clear sky,4.92,2025-01-22 06:15:25
2025-01-22 06:15:27,Tokyo,286.47,27,few clouds,3.09,2025-01-22 06:15:27
2025-01-22 06:15:28,Bogotá,280.43,83,few clouds,3.09,2025-01-22 06:15:28
2025-01-22 06:15:29,Paris,277.03,95,mist,2.57,2025-01-22 06:15:29
2025-01-23 06:14:57,London,275.91,91,scattered clouds,3.6,2025-01-23 06:14:57
2025-01-23 06:14:58,New York,265.19,52,clear sky,2.57,2025-01-23 06:14:58
2025-01-23 06:15:00,Tokyo,286.56,50,few clouds,2.57,2025-01-23 06:15:00
2025-01-23 06:15:01,Bogotá,278.96,73,clear sky,1.54,2025-01-23 06:15:01
2025-01-23 06:15:02,Paris,278.12,92,overcast clouds,3.6,2025-01-23 06:15:02
2025-01-24 06:14:57,London,282.68,90,light rain,9.77,2025-01-24 06:14:57
2025-01-24 06:14:58,New York,268.63,57,clear sky,5.81,2025-01-24 06:14:58
2025-01-24 06:14:59,Tokyo,287.8,41,clear sky,0.45,2025-01-24 06:14:59
2025-01-24 06:15:00,Bogotá,280.83,100,scattered clouds,1.34,2025-01-24 06:15:00
2025-01-24 06:15:02,Paris,281.02,78,light rain,9.77,2025-01-24 06:15:02
2025-01-25 06:13:31,London,278.34,86,overcast clouds,4.12,2025-01-25 06:13:31
2025-01-25 06:13:32,New York,269.2,58,clear sky,1.79,2025-01-25 06:13:32
2025-01-25 06:13:34,Tokyo,282.11,59,scattered clouds,6.17,2025-01-25 06:13:34
2025-01-25 06:13:35,Bogotá,283.74,93,broken clouds,1.03,2025-01-25 06:13:35
2025-01-25 06:13:36,Paris,285.38,76,overcast clouds,8.75,2025-01-25 06:13:36
2025-01-26 06:13:38,London,276.55,81,few clouds,4.12,2025-01-26 06:13:38
2025-01-26 06:13:40,New York,272.04,64,clear sky,4.63,2025-01-26 06:13:40
2025-01-26 06:13:41,Tokyo,284.75,27,few clouds,10.8,2025-01-26 06:13:41
2025-01-26 06:13:42,Bogotá,287.14,72,scattered clouds,3.6,2025-01-26 06:13:42
2025-01-26 06:13:43,Paris,275.58,95,overcast clouds,5.14,2025-01-26 06:13:43
2025-01-27 06:15:37,London,280.6,85,broken clouds,4.63,2025-01-27 06:15:37
2025-01-27 06:15:39,New York,273.28,59,clear sky,3.09,2025-01-27 06:15:39
2025-01-27 06:15:40,Tokyo,281.93,39,light rain,1.54,2025-01-27 06:15:40
2025-01-27 06:15:41,Bogotá,285,77,broken clouds,3.58,2025-01-27 06:15:41
2025-01-27 06:15:42,Paris,284.04,80,broken clouds,7.72,2025-01-27 06:15:42
2025-01-28 06:14:58,London,281.79,89,broken clouds,5.66,2025-01-28 06:14:58
2025-01-28 06:14:59,New York,275.47,57,clear sky,6.17,2025-01-28 06:14:59
2025-01-28 06:15:00,Tokyo,287.04,46,scattered clouds,9.77,2025-01-28 06:15:00
2025-01-28 06:15:02,Bogotá,281.14,100,few clouds,1.54,2025-01-28 06:15:02
2025-01-28 06:15:03,Paris,281.19,77,broken clouds,10.8,2025-01-28 06:15:03
2025-01-29 06:14:52,London,278.17,91,broken clouds,4.12,2025-01-29 06:14:52
2025-01-29 06:14:53,New York,275.81,62,overcast clouds,3.09,2025-01-29 06:14:53
2025-01-29 06:14:54,Tokyo,284.19,24,few clouds,11.32,2025-01-29 06:14:54
2025-01-29 06:14:55,Bogotá,282.49,100,scattered clouds,2.68,2025-01-29 06:14:55
2025-01-29 06:14:57,Paris,280.43,85,broken clouds,6.17,2025-01-29 06:14:57
2025-02-24 14:20:52,London,286.78,73,scattered clouds,5.14,2025-02-24 14:20:52
2025-02-24 14:20:53,New York,278.18,61,clear sky,2.57,2025-02-24 14:20:53
2025-02-24 14:20:54,Tokyo,277.23,47,clear sky,5.66,2025-02-24 14:20:54
2025-02-24 14:20:55,Bogotá,289.14,77,broken clouds,3.09,2025-02-24 14:20:55
2025-02-24 14:20:57,Paris,285.11,86,light rain,5.66,2025-02-24 14:20:57
2025-02-25 06:15:35,London,280.75,91,broken clouds,2.06,2025-02-25 06:15:35
2025-02-25 06:15:36,New York,279.05,54,clear sky,3.6,2025-02-25 06:15:36
2025-02-25 06:15:38,Tokyo,284.18,36,few clouds,7.2,2025-02-25 06:15:38
2025-02-25 06:15:39,Bogotá,286.14,94,few clouds,2.06,2025-02-25 06:15:39
2025-02-25 06:15:40,Paris,281.99,97,mist,3.09,2025-02-25 06:15:40
2025-02-26 06:16:02,London,276.78,93,scattered clouds,2.06,2025-02-26 06:16:02
2025-02-26 06:16:03,New York,279.64,71,clear sky,3.09,2025-02-26 06:16:03
2025-02-26 06:16:04,Tokyo,289.29,32,few clouds,4.63,2025-02-26 06:16:04
2025-02-26 06:16:06,Bogotá,286.14,94,scattered clouds,1.54,2025-02-26 06:16:06
2025-02-26 06:16:07,Paris,276.98,97,few clouds,3.6,2025-02-26 06:16:07
2025-02-27 06:15:50,London,278.29,87,overcast clouds,4.12,2025-02-27 06:15:50
2025-02-27 06:15:52,New York,281.61,58,light intensity drizzle,4.12,2025-02-27 06:15:52
2025-02-27 06:15:53,Tokyo,288.28,25,few clouds,2.57,2025-02-27 06:15:53
2025-02-27 06:15:55,Bogotá,285.14,94,scattered clouds,1.03,2025-02-27 06:15:55
2025-02-27 06:15:56,Paris,276.67,94,few clouds,3.09,2025-02-27 06:15:56
2025-02-28 06:15:43,London,274.86,91,clear sky,2.24,2025-02-28 06:15:43
2025-02-28 06:15:45,New York,280.32,62,clear sky,5.66,2025-02-28 06:15:45
2025-02-28 06:15:46,Tokyo,289.53,39,few clouds,0.45,2025-02-28 06:15:46
2025-02-28 06:15:47,Bogotá,284.14,100,fog,1.79,2025-02-28 06:15:47
2025-02-28 06:15:49,Paris,277.77,88,clear sky,2.06,2025-02-28 06:15:49
2025-03-01 06:14:45,London,274.89,95,fog,0.89,2025-03-01 06:14:45
2025-03-01 06:14:47,New York,279.68,60,clear sky,10.73,2025-03-01 06:14:47
2025-03-01 06:14:48,Tokyo,292.05,43,broken clouds,5.66,2025-03-01 06:14:48
2025-03-01 06:14:51,Bogotá,285.14,100,broken clouds,1.54,2025-03-01 06:14:51
2025-03-01 06:14:52,Paris,275.22,95,mist,3.6,2025-03-01 06:14:52
2025-03-02 06:14:43,London,273.29,95,overcast clouds,0,2025-03-02 06:14:43
2025-03-02 06:14:45,New York,269.8,45,broken clouds,10.29,2025-03-02 06:14:45
2025-03-02 06:14:46,Tokyo,294.25,23,scattered clouds,0.79,2025-03-02 06:14:46
2025-03-02 06:14:48,Bogotá,286.44,94,overcast clouds,1.79,2025-03-02 06:14:48
2025-03-02 06:14:49,Paris,274.64,90,clear sky,6.69,2025-03-02 06:14:49
2025-03-03 06:16:41,London,272.93,93,mist,0.51,2025-03-03 06:16:41
2025-03-03 06:16:42,New York,268.47,50,clear sky,6.17,2025-03-03 06:16:42
2025-03-03 06:16:43,Tokyo,275.37,91,moderate rain,0.45,2025-03-03 06:16:43
2025-03-03 06:16:44,Bogotá,286.14,100,scattered clouds,2.24,2025-03-03 06:16:44
2025-03-03 06:16:45,Paris,274.68,94,few clouds,1.54,2025-03-03 06:16:45
2025-03-04 06:15:47,London,270.23,81,scattered clouds,1.03,2025-03-04 06:15:47
2025-03-04 06:15:49,New York,274.01,49,clear sky,4.12,2025-03-04 06:15:49
2025-03-04 06:15:50,Tokyo,278.14,65,moderate rain,7.2,2025-03-04 06:15:50
2025-03-04 06:15:51,Bogotá,284.14,100,few clouds,1.03,2025-03-04 06:15:51
2025-03-04 06:15:52,Paris,276.35,89,clear sky,3.6,2025-03-04 06:15:52
2025-03-05 06:16:07,London,274.99,89,clear sky,1.54,2025-03-05 06:16:07
2025-03-05 06:16:09,New York,279.06,80,clear sky,3.6,2025-03-05 06:16:09
2025-03-05 06:16:10,Tokyo,280.5,92,mist,9.77,2025-03-05 06:16:10
2025-03-05 06:16:11,Bogotá,285.14,100,broken clouds,1.03,2025-03-05 06:16:11
2025-03-05 06:16:12,Paris,276.64,89,clear sky,2.06,2025-03-05 06:16:12
2025-03-06 06:16:01,London,276.43,92,clear sky,0.51,2025-03-06 06:16:01
2025-03-06 06:16:02,New York,284.35,93,mist,7.72,2025-03-06 06:16:02
2025-03-06 06:16:04,Tokyo,284.34,38,broken clouds,8.23,2025-03-06 06:16:04
2025-03-06 06:16:05,Bogotá,286.14,100,broken clouds,2.06,2025-03-06 06:16:05
2025-03-06 06:16:06,Paris,278.8,76,clear sky,2.57,2025-03-06 06:16:06
2025-03-07 06:15:57,London,281.96,83,overcast clouds,3.09,2025-03-07 06:15:57
2025-03-07 06:15:58,New York,275.58,50,overcast clouds,12.07,2025-03-07 06:15:58
2025-03-07 06:16:00,Tokyo,284.13,27,few clouds,11.32,2025-03-07 06:16:00
2025-03-07 06:16:01,Bogotá,284.14,100,broken clouds,1.54,2025-03-07 06:16:01
2025-03-07 06:16:03,Paris,280.75,78,clear sky,3.09,2025-03-07 06:16:03
2025-03-08 06:12:31,London,279.84,81,broken clouds,3.09,2025-03-08 06:12:31
2025-03-08 06:12:33,New York,279.79,34,overcast clouds,6.69,2025-03-08 06:12:33
2025-03-08 06:12:34,Tokyo,278.95,64,broken clouds,3.6,2025-03-08 06:12:34
2025-03-08 06:12:35,Bogotá,284.14,100,broken clouds,2.06,2025-03-08 06:12:35
2025-03-08 06:12:36,Paris,280.89,71,clear sky,3.09,2025-03-08 06:12:36
2025-03-09 06:12:11,London,280.71,80,overcast clouds,4.12,2025-03-09 06:12:11
2025-03-09 06:12:12,New York,274.93,42,clear sky,7.2,2025-03-09 06:12:12
2025-03-09 06:12:14,Tokyo,285.54,43,few clouds,4.12,2025-03-09 06:12:14
2025-03-09 06:12:15,Bogotá,285.14,100,fog,2.06,2025-03-09 06:12:15
2025-03-09 06:12:17,Paris,282.25,68,clear sky,4.12,2025-03-09 06:12:17
2025-03-10 06:13:43,London,281.78,77,broken clouds,1.34,2025-03-10 06:13:43
2025-03-10 06:13:44,New York,280.2,48,clear sky,3.13,2025-03-10 06:13:44
2025-03-10 06:13:46,Tokyo,286.43,29,clear sky,2.57,2025-03-10 06:13:46
2025-03-10 06:13:47,Bogotá,284.14,100,broken clouds,2.06,2025-03-10 06:13:47
2025-03-10 06:13:48,Paris,284.09,83,light rain,1.54,2025-03-10 06:13:48
2025-03-11 06:16:02,London,279.42,77,overcast clouds,4.12,2025-03-11 06:16:02
2025-03-11 06:16:04,New York,282.33,54,clear sky,2.06,2025-03-11 06:16:04
2025-03-11 06:16:05,Tokyo,286.04,57,broken clouds,2.57,2025-03-11 06:16:05
2025-03-11 06:16:06,Bogotá,285.14,100,few clouds,2.06,2025-03-11 06:16:06
2025-03-11 06:16:08,Paris,277.63,100,fog,1.03,2025-03-11 06:16:08
2025-03-12 06:16:27,London,277.28,80,few clouds,3.6,2025-03-12 06:16:27
2025-03-12 06:16:28,New York,285.27,49,clear sky,5.14,2025-03-12 06:16:28
2025-03-12 06:16:30,Tokyo,286.67,88,moderate rain,1.03,2025-03-12 06:16:30
2025-03-12 06:16:31,Bogotá,285.14,100,broken clouds,0.51,2025-03-12 06:16:31
2025-03-12 06:16:32,Paris,277.06,88,overcast clouds,4.63,2025-03-12 06:16:32
2025-03-13 06:15:59,London,276.23,87,overcast clouds,3.6,2025-03-13 06:15:59
2025-03-13 06:16:00,New York,278.41,71,few clouds,5.14,2025-03-13 06:16:00
2025-03-13 06:16:02,Tokyo,293.51,37,overcast clouds,0.45,2025-03-13 06:16:02
2025-03-13 06:16:03,Bogotá,286.14,100,broken clouds,1.54,2025-03-13 06:16:03
2025-03-13 06:16:04,Paris,276.92,89,broken clouds,3.6,2025-03-13 06:16:04
2025-03-14 06:15:54,London,273.56,90,few clouds,1.79,2025-03-14 06:15:54
2025-03-14 06:15:56,New York,278.05,73,few clouds,4.02,2025-03-14 06:15:56
2025-03-14 06:15:57,Tokyo,291.52,19,broken clouds,1.34,2025-03-14 06:15:57
2025-03-14 06:15:58,Bogotá,284.09,96,overcast clouds,0.68,2025-03-14 06:15:58
2025-03-14 06:16:00,Paris,272.86,99,few clouds,2.59,2025-03-14 06:16:00
2025-03-15 06:14:35,London,274.47,90,broken clouds,2.24,2025-03-15 06:14:35
2025-03-15 06:14:36,New York,278.68,91,light intensity drizzle,3.6,2025-03-15 06:14:36
2025-03-15 06:14:37,Tokyo,284.13,42,heavy intensity rain,5.66,2025-03-15 06:14:37
2025-03-15 06:14:39,Bogotá,286.14,100,broken clouds,2.06,2025-03-15 06:14:39
2025-03-15 06:14:40,Paris,274.96,79,clear sky,6.69,2025-03-15 06:14:40
2025-03-16 06:14:18,London,273,88,clear sky,1.79,2025-03-16 06:14:18
2025-03-16 06:14:19,New York,281.3,95,mist,2.68,2025-03-16 06:14:19
2025-03-16 06:14:21,Tokyo,280.25,91,broken clouds,11.32,2025-03-16 06:14:21
2025-03-16 06:14:22,Bogotá,285.14,100,scattered clouds,1.54,2025-03-16 06:14:22
2025-03-16 06:14:23,Paris,276.74,77,overcast clouds,4.63,2025-03-16 06:14:23
2025-03-17 06:16:45,London,278.39,80,overcast clouds,3.09,2025-03-17 06:16:45
2025-03-17 06:16:46,New York,286.84,92,heavy intensity rain,2.68,2025-03-17 06:16:46
2025-03-17 06:16:47,Tokyo,287.62,26,scattered clouds,9.26,2025-03-17 06:16:47
2025-03-17 06:16:49,Bogotá,285.14,100,scattered clouds,1.03,2025-03-17 06:16:49
2025-03-17 06:16:50,Paris,275.47,76,clear sky,5.14,2025-03-17 06:16:50
2025-03-18 06:16:27,London,275.35,87,clear sky,2.24,2025-03-18 06:16:27
2025-03-18 06:16:29,New York,276,67,clear sky,7.15,2025-03-18 06:16:29
2025-03-18 06:16:30,Tokyo,285.73,34,broken clouds,1.54,2025-03-18 06:16:30
2025-03-18 06:16:31,Bogotá,284.14,100,broken clouds,3.6,2025-03-18 06:16:31
2025-03-18 06:16:32,Paris,275.56,63,clear sky,5.66,2025-03-18 06:16:32
2025-03-19 06:16:07,London,275.32,87,clear sky,0.51,2025-03-19 06:16:07
2025-03-19 06:16:08,New York,281.16,54,clear sky,2.06,2025-03-19 06:16:08
2025-03-19 06:16:09,Tokyo,282.63,60,broken clouds,5.66,2025-03-19 06:16:09
2025-03-19 06:16:11,Bogotá,285.14,100,fog,1.54,2025-03-19 06:16:11
2025-03-19 06:16:12,Paris,279.67,83,clear sky,3.6,2025-03-19 06:16:12
2025-03-20 06:16:16,London,281.52,82,scattered clouds,1.03,2025-03-20 06:16:16
2025-03-20 06:16:17,New York,279.04,91,mist,4.12,2025-03-20 06:16:17
2025-03-20 06:16:18,Tokyo,284,40,few clouds,1.54,2025-03-20 06:16:18
2025-03-20 06:16:19,Bogotá,285.14,100,scattered clouds,0.51,2025-03-20 06:16:19
2025-03-20 06:16:21,Paris,280.1,83,clear sky,2.57,2025-03-20 06:16:21
2025-03-21 06:17:46,London,281.91,82,overcast clouds,5.14,2025-03-21 06:17:46
2025-03-21 06:17:47,New York,280.48,76,overcast clouds,5.66,2025-03-21 06:17:47
2025-03-21 06:17:48,Tokyo,288.8,39,clear sky,7.72,2025-03-21 06:17:48
2025-03-21 06:17:49,Bogotá,284.29,94,broken clouds,2.24,2025-03-21 06:17:49
2025-03-21 06:17:50,Paris,281.36,70,clear sky,4.63,2025-03-21 06:17:50
2025-03-22 06:14:33,London,284.76,88,scattered clouds,3.09,2025-03-22 06:14:33
2025-03-22 06:14:34,New York,278.85,49,clear sky,2.06,2025-03-22 06:14:34
2025-03-22 06:14:36,Tokyo,295.58,39,few clouds,7.2,2025-03-22 06:14:36
2025-03-22 06:14:37,Bogotá,286.14,100,scattered clouds,2.57,2025-03-22 06:14:37
2025-03-22 06:14:39,Paris,284.59,95,overcast clouds,4.12,2025-03-22 06:14:39
2025-03-23 06:14:29,London,281.69,94,haze,2.06,2025-03-23 06:14:29
2025-03-23 06:14:31,New York,274.3,44,clear sky,7.72,2025-03-23 06:14:31
2025-03-23 06:14:32,Tokyo,295.51,27,clear sky,0.89,2025-03-23 06:14:32
2025-03-23 06:14:33,Bogotá,283.32,93,few clouds,1.79,2025-03-23 06:14:33
2025-03-23 06:14:34,Paris,281.41,95,light intensity drizzle,4.63,2025-03-23 06:14:34
2025-03-24 06:16:55,London,279.89,86,overcast clouds,3.6,2025-03-24 06:16:55
2025-03-24 06:16:57,New York,279.33,64,overcast clouds,7.2,2025-03-24 06:16:57
2025-03-24 06:16:58,Tokyo,290.78,56,broken clouds,2.57,2025-03-24 06:16:58
2025-03-24 06:16:59,Bogotá,284.12,99,few clouds,2.57,2025-03-24 06:16:59
2025-03-24 06:17:00,Paris,280.47,96,fog,1.03,2025-03-24 06:17:00
2025-03-25 06:16:45,London,278.27,93,haze,3.09,2025-03-25 06:16:45
2025-03-25 06:16:46,New York,281.85,62,mist,4.12,2025-03-25 06:16:46
2025-03-25 06:16:47,Tokyo,293.95,38,clear sky,6.69,2025-03-25 06:16:47
2025-03-25 06:16:49,Bogotá,282.96,98,broken clouds,1.54,2025-03-25 06:16:49
2025-03-25 06:16:50,Paris,280.51,90,mist,5.14,2025-03-25 06:16:50
2025-03-26 06:16:31,London,279.87,88,mist,2.06,2025-03-26 06:16:31
2025-03-26 06:16:33,New York,281.52,36,broken clouds,5.14,2025-03-26 06:16:33
2025-03-26 06:16:34,Tokyo,296.02,27,clear sky,3.09,2025-03-26 06:16:34
2025-03-26 06:16:36,Bogotá,282.39,98,few clouds,1.03,2025-03-26 06:16:36
2025-03-26 06:16:37,Paris,282.52,96,light intensity drizzle,2.57,2025-03-26 06:16:37
2025-03-27 06:16:29,London,278.15,91,scattered clouds,1.79,2025-03-27 06:16:29
2025-03-27 06:16:30,New York,277.87,52,clear sky,6.17,2025-03-27 06:16:30
2025-03-27 06:16:32,Tokyo,293.42,61,clear sky,9.77,2025-03-27 06:16:32
2025-03-27 06:16:33,Bogotá,284.29,96,broken clouds,2.06,2025-03-27 06:16:33
2025-03-27 06:16:34,Paris,276.58,92,mist,2.06,2025-03-27 06:16:34
2025-03-28 06:16:58,London,282.51,87,overcast clouds,4.63,2025-03-28 06:16:58
2025-03-28 06:16:59,New York,281.02,42,overcast clouds,5.14,2025-03-28 06:16:59
2025-03-28 06:17:00,Tokyo,295.94,58,light rain,1.79,2025-03-28 06:17:00
2025-03-28 06:17:02,Bogotá,284.78,99,broken clouds,1.03,2025-03-28 06:17:02
2025-03-28 06:17:03,Paris,278.07,95,mist,5.66,2025-03-28 06:17:03
2025-03-29 06:14:47,London,276.36,86,clear sky,0.89,2025-03-29 06:14:47
2025-03-29 06:14:48,New York,284.67,76,overcast clouds,1.79,2025-03-29 06:14:48
2025-03-29 06:14:50,Tokyo,278.59,84,broken clouds,9.77,2025-03-29 06:14:50
2025-03-29 06:14:51,Bogotá,286.14,100,broken clouds,1.03,2025-03-29 06:14:51
2025-03-29 06:14:52,Paris,279.82,80,few clouds,5.14,2025-03-29 06:14:52
2025-03-30 06:14:56,London,282.6,87,overcast clouds,3.13,2025-03-30 06:14:56
2025-03-30 06:14:57,New York,279.63,81,scattered clouds,5.66,2025-03-30 06:14:57
2025-03-30 06:14:58,Tokyo,287.2,45,broken clouds,3.6,2025-03-30 06:14:58
2025-03-30 06:14:59,Bogotá,285.14,100,scattered clouds,1.03,2025-03-30 06:14:59
2025-03-30 06:15:01,Paris,281.82,69,overcast clouds,4.63,2025-03-30 06:15:01
2025-03-31 06:17:28,London,277.03,88,scattered clouds,0.45,2025-03-31 06:17:28
2025-03-31 06:17:29,New York,281.15,93,mist,3.09,2025-03-31 06:17:29
2025-03-31 06:17:30,Tokyo,281.13,63,light rain,6.69,2025-03-31 06:17:30
2025-03-31 06:17:32,Bogotá,286.14,100,broken clouds,2.06,2025-03-31 06:17:32
2025-03-31 06:17:33,Paris,279.01,95,clear sky,3.09,2025-03-31 06:17:33
2025-04-01 06:17:37,London,279.58,86,broken clouds,4.63,2025-04-01 06:17:37
2025-04-01 06:17:38,New York,287.13,96,light rain,2.24,2025-04-01 06:17:38
2025-04-01 06:17:40,Tokyo,278.73,90,moderate rain,6.69,2025-04-01 06:17:40
2025-04-01 06:17:41,Bogotá,285.14,100,fog,1.03,2025-04-01 06:17:41
2025-04-01 06:17:43,Paris,280.12,70,clear sky,5.66,2025-04-01 06:17:43
2025-04-02 06:16:34,London,279.74,82,clear sky,3.6,2025-04-02 06:16:34
2025-04-02 06:16:35,New York,278.29,40,clear sky,6.17,2025-04-02 06:16:35
2025-04-02 06:16:36,Tokyo,285.76,84,broken clouds,9.26,2025-04-02 06:16:36
2025-04-02 06:16:37,Bogotá,285.66,100,scattered clouds,1.03,2025-04-02 06:16:37
2025-04-02 06:16:38,Paris,280.3,67,clear sky,6.17,2025-04-02 06:16:38
2025-04-03 06:16:52,London,281.4,82,few clouds,2.68,2025-04-03 06:16:52
2025-04-03 06:16:54,New York,280.65,84,overcast clouds,3.6,2025-04-03 06:16:54
2025-04-03 06:16:55,Tokyo,282.38,88,moderate rain,3.6,2025-04-03 06:16:55
2025-04-03 06:16:56,Bogotá,285.14,87,few clouds,1.79,2025-04-03 06:16:56
2025-04-03 06:16:57,Paris,282.46,75,clear sky,2.57,2025-04-03 06:16:57
2025-04-04 06:16:35,London,282.56,82,overcast clouds,2.24,2025-04-04 06:16:35
2025-04-04 06:16:37,New York,293.08,79,broken clouds,4.63,2025-04-04 06:16:37
2025-04-04 06:16:38,Tokyo,289.96,31,scattered clouds,5.66,2025-04-04 06:16:38
2025-04-04 06:16:39,Bogotá,286.14,100,broken clouds,1.54,2025-04-04 06:16:39
2025-04-04 06:16:40,Paris,286.34,67,clear sky,3.09,2025-04-04 06:16:40
2025-04-05 06:14:36,London,278.89,87,clear sky,4.63,2025-04-05 06:14:36
2025-04-05 06:14:38,New York,287.61,43,overcast clouds,5.14,2025-04-05 06:14:38
2025-04-05 06:14:39,Tokyo,289.24,50,broken clouds,4.12,2025-04-05 06:14:39
2025-04-05 06:14:40,Bogotá,286.14,100,broken clouds,1.03,2025-04-05 06:14:40
2025-04-05 06:14:41,Paris,284.44,65,clear sky,3.6,2025-04-05 06:14:41
2025-04-06 06:15:31,London,278.2,88,scattered clouds,2.06,2025-04-06 06:15:31
2025-04-06 06:15:33,New York,279.68,93,mist,4.12,2025-04-06 06:15:33
2025-04-06 06:15:34,Tokyo,289.47,65,broken clouds,5.66,2025-04-06 06:15:34
2025-04-06 06:15:36,Bogotá,286.14,100,broken clouds,2.57,2025-04-06 06:15:36
2025-04-06 06:15:37,Paris,283.01,60,clear sky,4.63,2025-04-06 06:15:37
2025-04-07 06:17:22,London,276.97,88,few clouds,1.54,2025-04-07 06:17:22
2025-04-07 06:17:23,New York,283.03,52,light intensity drizzle,3.58,2025-04-07 06:17:23
2025-04-07 06:17:25,Tokyo,290.84,38,broken clouds,3.09,2025-04-07 06:17:25
2025-04-07 06:17:26,Bogotá,285.14,100,broken clouds,1.03,2025-04-07 06:17:26
2025-04-07 06:17:28,Paris,279.01,45,clear sky,3.6,2025-04-07 06:17:28
2025-04-08 06:16:45,London,276.99,91,clear sky,1.34,2025-04-08 06:16:45
2025-04-08 06:16:46,New York,278.93,90,light intensity drizzle,1.54,2025-04-08 06:16:46
2025-04-08 06:16:48,Tokyo,292,50,broken clouds,7.72,2025-04-08 06:16:48
2025-04-08 06:16:49,Bogotá,287.14,100,broken clouds,2.57,2025-04-08 06:16:49
2025-04-08 06:16:51,Paris,278.86,68,clear sky,2.06,2025-04-08 06:16:51
2025-04-09 06:17:08,London,277.32,90,clear sky,3.09,2025-04-09 06:17:08
2025-04-09 06:17:09,New York,274.83,43,clear sky,7.72,2025-04-09 06:17:09
2025-04-09 06:17:11,Tokyo,295.34,29,scattered clouds,6.17,2025-04-09 06:17:11
2025-04-09 06:17:12,Bogotá,287.14,100,broken clouds,2.06,2025-04-09 06:17:12
2025-04-09 06:17:13,Paris,280.95,74,clear sky,4.12,2025-04-09 06:17:13
2025-04-10 06:17:22,London,279.83,79,overcast clouds,2.57,2025-04-10 06:17:22
2025-04-10 06:17:23,New York,277.99,66,clear sky,4.63,2025-04-10 06:17:23
2025-04-10 06:17:24,Tokyo,292.98,62,broken clouds,6.69,2025-04-10 06:17:24
2025-04-10 06:17:26,Bogotá,286.14,100,light intensity drizzle,1.03,2025-04-10 06:17:26
2025-04-10 06:17:27,Paris,279.12,88,few clouds,5.14,2025-04-10 06:17:27
2025-04-11 06:16:51,London,279.59,88,clear sky,2.57,2025-04-11 06:16:51
2025-04-11 06:16:52,New York,279.25,70,overcast clouds,4.12,2025-04-11 06:16:52
2025-04-11 06:16:53,Tokyo,292.26,61,overcast clouds,5.14,2025-04-11 06:16:53
2025-04-11 06:16:55,Bogotá,283.33,93,overcast clouds,0.8,2025-04-11 06:16:55
2025-04-11 06:16:56,Paris,279.97,90,clear sky,3.09,2025-04-11 06:16:56
2025-04-12 06:14:34,London,280.82,85,haze,1.79,2025-04-12 06:14:34
2025-04-12 06:14:35,New York,277.33,90,moderate rain,7.2,2025-04-12 06:14:35
2025-04-12 06:14:36,Tokyo,292.1,60,few clouds,7.2,2025-04-12 06:14:36
2025-04-12 06:14:38,Bogotá,283.14,100,few clouds,0.51,2025-04-12 06:14:38
2025-04-12 06:14:39,Paris,283.19,70,clear sky,2.06,2025-04-12 06:14:39
2025-04-13 06:15:23,London,284.59,79,broken clouds,3.6,2025-04-13 06:15:23
2025-04-13 06:15:25,New York,277.41,87,overcast clouds,5.36,2025-04-13 06:15:25
2025-04-13 06:15:26,Tokyo,287.31,89,heavy intensity rain,4.12,2025-04-13 06:15:26
2025-04-13 06:15:27,Bogotá,284.14,93,few clouds,2.06,2025-04-13 06:15:27
2025-04-13 06:15:29,Paris,285.84,89,broken clouds,5.66,2025-04-13 06:15:29
2025-04-14 06:17:59,London,278.78,90,clear sky,1.54,2025-04-14 06:17:59
2025-04-14 06:18:00,New York,283.59,55,clear sky,4.12,2025-04-14 06:18:00
2025-04-14 06:18:01,Tokyo,294.08,42,few clouds,9.77,2025-04-14 06:18:01
2025-04-14 06:18:02,Bogotá,284.14,100,few clouds,1.54,2025-04-14 06:18:02
2025-04-14 06:18:03,Paris,281.36,97,overcast clouds,2.06,2025-04-14 06:18:03
2025-04-15 06:17:04,London,283.03,89,moderate rain,2.24,2025-04-15 06:17:04
2025-04-15 06:17:05,New York,285.09,83,broken clouds,2.24,2025-04-15 06:17:05
2025-04-15 06:17:06,Tokyo,292.66,33,few clouds,11.32,2025-04-15 06:17:06
2025-04-15 06:17:08,Bogotá,286.14,100,scattered clouds,1.54,2025-04-15 06:17:08
2025-04-15 06:17:09,Paris,285.51,96,overcast clouds,3.6,2025-04-15 06:17:09
2025-04-16 06:17:26,London,281.89,76,few clouds,8.23,2025-04-16 06:17:26
2025-04-16 06:17:27,New York,282.08,50,overcast clouds,7.72,2025-04-16 06:17:27
2025-04-16 06:17:29,Tokyo,292.92,38,few clouds,9.77,2025-04-16 06:17:29
2025-04-16 06:17:30,Bogotá,283.14,100,few clouds,1.54,2025-04-16 06:17:30
2025-04-16 06:17:31,Paris,280.93,80,light rain,3.6,2025-04-16 06:17:31
2025-04-17 06:16:55,London,278.23,92,broken clouds,0.32,2025-04-17 06:16:55
2025-04-17 06:16:57,New York,279.98,58,overcast clouds,7.6,2025-04-17 06:16:57
2025-04-17 06:16:58,Tokyo,296.58,44,clear sky,10.29,2025-04-17 06:16:58
2025-04-17 06:16:59,Bogotá,285.14,100,light intensity drizzle,0.51,2025-04-17 06:16:59
2025-04-17 06:17:00,Paris,280.09,92,clear sky,1.03,2025-04-17 06:17:00
2025-04-18 06:16:45,London,282.26,80,overcast clouds,3.09,2025-04-18 06:16:45
2025-04-18 06:16:46,New York,282.37,48,clear sky,1.54,2025-04-18 06:16:46
2025-04-18 06:16:47,Tokyo,296.22,63,broken clouds,8.23,2025-04-18 06:16:47
2025-04-18 06:16:48,Bogotá,286.14,100,broken clouds,1.54,2025-04-18 06:16:48
2025-04-18 06:16:50,Paris,280.23,87,clear sky,4.12,2025-04-18 06:16:50
2025-04-19 06:15:36,London,284.56,75,overcast clouds,5.66,2025-04-19 06:15:36
2025-04-19 06:15:37,New York,286.01,76,clear sky,3.09,2025-04-19 06:15:37
2025-04-19 06:15:38,Tokyo,298.69,53,clear sky,7.2,2025-04-19 06:15:38
2025-04-19 06:15:40,Bogotá,285.14,100,broken clouds,0.51,2025-04-19 06:15:40
2025-04-19 06:15:41,Paris,282.28,78,clear sky,5.14,2025-04-19 06:15:41
2025-04-20 06:15:27,London,279.55,83,overcast clouds,4.12,2025-04-20 06:15:27
2025-04-20 06:15:28,New York,294.48,66,scattered clouds,5.14,2025-04-20 06:15:28
2025-04-20 06:15:29,Tokyo,296.52,60,broken clouds,10.29,2025-04-20 06:15:29
2025-04-20 06:15:30,Bogotá,285.14,100,light intensity drizzle,1.03,2025-04-20 06:15:30
2025-04-20 06:15:31,Paris,284.16,86,light rain,6.17,2025-04-20 06:15:31
2025-04-21 06:17:02,London,282.92,89,overcast clouds,0.45,2025-04-21 06:17:02
2025-04-21 06:17:03,New York,284.92,42,clear sky,4.02,2025-04-21 06:17:03
2025-04-21 06:17:05,Tokyo,297.27,40,clear sky,5.14,2025-04-21 06:17:05
2025-04-21 06:17:06,Bogotá,286.14,100,broken clouds,1.03,2025-04-21 06:17:06
2025-04-21 06:17:07,Paris,283.29,95,overcast clouds,2.57,2025-04-21 06:17:07
2025-04-22 06:17:05,London,280.21,91,few clouds,2.57,2025-04-22 06:17:05
2025-04-22 06:17:06,New York,285.19,85,overcast clouds,2.24,2025-04-22 06:17:06
2025-04-22 06:17:07,Tokyo,294.19,66,broken clouds,9.77,2025-04-22 06:17:07
2025-04-22 06:17:08,Bogotá,283.14,100,fog,1.03,2025-04-22 06:17:08
2025-04-22 06:17:10,Paris,282.61,99,clear sky,1.54,2025-04-22 06:17:10
2025-04-23 06:17:06,London,281.49,89,light rain,6.69,2025-04-23 06:17:06
2025-04-23 06:17:07,New York,290.12,44,clear sky,8.23,2025-04-23 06:17:07
2025-04-23 06:17:09,Tokyo,292.31,95,mist,6.17,2025-04-23 06:17:09
2025-04-23 06:17:10,Bogotá,283.14,100,fog,1.03,2025-04-23 06:17:10
2025-04-23 06:17:12,Paris,282.03,93,moderate rain,5.14,2025-04-23 06:17:12
2025-04-24 06:17:27,London,282.52,87,overcast clouds,2.57,2025-04-24 06:17:27
2025-04-24 06:17:28,New York,287.56,59,few clouds,2.06,2025-04-24 06:17:28
2025-04-24 06:17:29,Tokyo,296.39,68,broken clouds,5.66,2025-04-24 06:17:29
2025-04-24 06:17:31,Bogotá,286.14,100,broken clouds,2.57,2025-04-24 06:17:31
2025-04-24 06:17:32,Paris,283.79,90,broken clouds,3.09,2025-04-24 06:17:32
2025-04-25 06:17:19,London,279.77,85,clear sky,1.03,2025-04-25 06:17:19
2025-04-25 06:17:21,New York,290.04,47,clear sky,3.6,2025-04-25 06:17:21
2025-04-25 06:17:22,Tokyo,294.6,63,broken clouds,4.12,2025-04-25 06:17:22
2025-04-25 06:17:23,Bogotá,286.14,100,broken clouds,1.03,2025-04-25 06:17:23
2025-04-25 06:17:25,Paris,281.91,93,mist,2.57,2025-04-25 06:17:25
2025-04-26 06:15:03,London,282.19,91,overcast clouds,2.57,2025-04-26 06:15:03
2025-04-26 06:15:04,New York,288.96,88,overcast clouds,3.6,2025-04-26 06:15:04
2025-04-26 06:15:06,Tokyo,290.27,54,broken clouds,4.63,2025-04-26 06:15:06
2025-04-26 06:15:07,Bogotá,285.14,100,broken clouds,1.03,2025-04-26 06:15:07
2025-04-26 06:15:09,Paris,282.08,92,mist,4.12,2025-04-26 06:15:09
2025-04-27 06:15:41,London,280.63,87,broken clouds,0.51,2025-04-27 06:15:41
2025-04-27 06:15:43,New York,284.49,54,clear sky,14.75,2025-04-27 06:15:43
2025-04-27 06:15:44,Tokyo,294.39,54,clear sky,9.77,2025-04-27 06:15:44
2025-04-27 06:15:45,Bogotá,285.83,100,fog,0.51,2025-04-27 06:15:45
2025-04-27 06:15:46,Paris,284.4,89,mist,3.09,2025-04-27 06:15:46
2025-04-28 06:25:05,London,283.31,86,broken clouds,0.75,2025-04-28 06:25:05
2025-04-28 06:25:06,New York,285.99,42,clear sky,5.14,2025-04-28 06:25:06
2025-04-28 06:25:07,Tokyo,293.61,62,heavy intensity rain,9.26,2025-04-28 06:25:07
2025-04-28 06:25:09,Bogotá,285.83,100,drizzle,1.03,2025-04-28 06:25:09
2025-04-28 06:25:10,Paris,285.51,75,clear sky,2.06,2025-04-28 06:25:10
2025-04-29 06:17:54,London,283.53,77,few clouds,1.54,2025-04-29 06:17:54
2025-04-29 06:17:55,New York,287.52,48,clear sky,3.58,2025-04-29 06:17:55
2025-04-29 06:17:57,Tokyo,296.14,32,few clouds,3.6,2025-04-29 06:17:57
2025-04-29 06:17:58,Bogotá,283.74,100,scattered clouds,1.03,2025-04-29 06:17:58
2025-04-29 06:17:59,Paris,287.51,65,clear sky,3.09,2025-04-29 06:17:59
2025-04-30 06:17:30,London,283.39,89,few clouds,1.54,2025-04-30 06:17:30
2025-04-30 06:17:31,New York,293.59,63,clear sky,7.2,2025-04-30 06:17:31
2025-04-30 06:17:32,Tokyo,295.59,41,few clouds,8.23,2025-04-30 06:17:32
2025-04-30 06:17:34,Bogotá,284.79,100,broken clouds,1.03,2025-04-30 06:17:34
2025-04-30 06:17:35,Paris,288.92,65,clear sky,2.06,2025-04-30 06:17:35
2025-05-01 06:17:48,London,285.36,86,clear sky,1.54,2025-05-01 06:17:48
2025-05-01 06:17:49,New York,287.82,39,clear sky,6.26,2025-05-01 06:17:49
2025-05-01 06:17:51,Tokyo,295.33,52,broken clouds,8.75,2025-05-01 06:17:51
2025-05-01 06:17:52,Bogotá,283.74,100,scattered clouds,0.51,2025-05-01 06:17:52
2025-05-01 06:17:53,Paris,289.81,75,clear sky,1.03,2025-05-01 06:17:53
2025-05-02 06:17:11,London,288.32,81,broken clouds,2.38,2025-05-02 06:17:11
2025-05-02 06:17:12,New York,287.81,86,overcast clouds,4.02,2025-05-02 06:17:12
2025-05-02 06:17:13,Tokyo,290.2,91,mist,8.75,2025-05-02 06:17:13
2025-05-02 06:17:14,Bogotá,282.91,100,few clouds,1.03,2025-05-02 06:17:14
2025-05-02 06:17:15,Paris,291.26,70,clear sky,2.57,2025-05-02 06:17:15
2025-05-03 06:15:31,London,284.48,88,broken clouds,1.54,2025-05-03 06:15:31
2025-05-03 06:15:32,New York,293.22,69,clear sky,2.57,2025-05-03 06:15:32
2025-05-03 06:15:34,Tokyo,296.95,37,broken clouds,7.2,2025-05-03 06:15:34
2025-05-03 06:15:35,Bogotá,284.79,100,light intensity drizzle,2.06,2025-05-03 06:15:35
2025-05-03 06:15:36,Paris,289.96,81,clear sky,2.06,2025-05-03 06:15:36
2025-05-04 06:16:14,London,281.29,80,clear sky,2.57,2025-05-04 06:16:14
2025-05-04 06:16:15,New York,291.75,81,mist,4.12,2025-05-04 06:16:15
2025-05-04 06:16:16,Tokyo,298.37,54,few clouds,8.75,2025-05-04 06:16:16
2025-05-04 06:16:17,Bogotá,284.79,100,broken clouds,0.51,2025-05-04 06:16:17
2025-05-04 06:16:18,Paris,282.69,77,clear sky,7.2,2025-05-04 06:16:18
2025-05-05 06:18:15,London,278.79,83,scattered clouds,3.6,2025-05-05 06:18:15
2025-05-05 06:18:16,New York,288.7,94,mist,3.09,2025-05-05 06:18:16
2025-05-05 06:18:18,Tokyo,295.19,48,few clouds,8.23,2025-05-05 06:18:18
2025-05-05 06:18:19,Bogotá,285.83,100,broken clouds,3.09,2025-05-05 06:18:19
2025-05-05 06:18:21,Paris,280.79,78,broken clouds,7.2,2025-05-05 06:18:21
2025-05-06 06:17:29,London,281.2,67,overcast clouds,2.57,2025-05-06 06:17:29
2025-05-06 06:17:30,New York,287.43,96,mist,3.09,2025-05-06 06:17:30
2025-05-06 06:17:31,Tokyo,287.56,92,moderate rain,7.72,2025-05-06 06:17:31
2025-05-06 06:17:33,Bogotá,283.14,100,scattered clouds,1.03,2025-05-06 06:17:33
2025-05-06 06:17:34,Paris,281.62,70,clear sky,5.66,2025-05-06 06:17:34
2025-05-07 06:17:45,London,280.94,86,overcast clouds,2.57,2025-05-07 06:17:45
2025-05-07 06:17:46,New York,287.16,90,broken clouds,2.57,2025-05-07 06:17:46
2025-05-07 06:17:47,Tokyo,296.21,37,broken clouds,6.69,2025-05-07 06:17:47
2025-05-07 06:17:48,Bogotá,284.79,100,moderate rain,1.03,2025-05-07 06:17:48
2025-05-07 06:17:50,Paris,282.96,80,overcast clouds,6.17,2025-05-07 06:17:50
2025-05-08 06:18:12,London,282.24,82,broken clouds,4.02,2025-05-08 06:18:12
2025-05-08 06:18:14,New York,290.07,72,broken clouds,2.57,2025-05-08 06:18:14
2025-05-08 06:18:15,Tokyo,294.94,39,few clouds,7.2,2025-05-08 06:18:15
2025-05-08 06:18:16,Bogotá,284.14,100,broken clouds,2.06,2025-05-08 06:18:16
2025-05-08 06:18:18,Paris,282.65,87,broken clouds,4.63,2025-05-08 06:18:18
2025-05-09 06:17:56,London,281.09,90,overcast clouds,3.09,2025-05-09 06:17:56
2025-05-09 06:17:57,New York,287.93,87,overcast clouds,5.36,2025-05-09 06:17:57
2025-05-09 06:17:59,Tokyo,294.72,52,broken clouds,7.2,2025-05-09 06:17:59
2025-05-09 06:18:00,Bogotá,284.14,100,broken clouds,1.03,2025-05-09 06:18:00
2025-05-09 06:18:01,Paris,285.04,55,clear sky,4.63,2025-05-09 06:18:01
2025-05-10 06:15:06,London,282.95,82,clear sky,1.79,2025-05-10 06:15:06
2025-05-10 06:15:07,New York,283.71,82,overcast clouds,6.69,2025-05-10 06:15:07
2025-05-10 06:15:08,Tokyo,291.64,89,moderate rain,5.43,2025-05-10 06:15:08
2025-05-10 06:15:09,Bogotá,285.14,94,broken clouds,2.06,2025-05-10 06:15:09
2025-05-10 06:15:10,Paris,284.4,60,clear sky,2.57,2025-05-10 06:15:10
2025-05-11 06:15:43,London,284.83,82,scattered clouds,2.57,2025-05-11 06:15:43
2025-05-11 06:15:45,New York,288.39,55,clear sky,2.06,2025-05-11 06:15:45
2025-05-11 06:15:46,Tokyo,297.89,44,broken clouds,7.72,2025-05-11 06:15:46
2025-05-11 06:15:47,Bogotá,287.14,82,broken clouds,2.06,2025-05-11 06:15:47
2025-05-11 06:15:48,Paris,287.8,71,clear sky,3.6,2025-05-11 06:15:48
2025-05-12 06:18:30,London,288.64,80,broken clouds,1.03,2025-05-12 06:18:30
2025-05-12 06:18:32,New York,289.28,50,clear sky,3.09,2025-05-12 06:18:32
2025-05-12 06:18:33,Tokyo,292.1,78,broken clouds,4.63,2025-05-12 06:18:33
2025-05-12 06:18:34,Bogotá,285.14,100,scattered clouds,1.54,2025-05-12 06:18:34
2025-05-12 06:18:35,Paris,286.46,95,overcast clouds,2.06,2025-05-12 06:18:35
2025-05-13 06:17:45,London,286.63,78,few clouds,1.34,2025-05-13 06:17:45
2025-05-13 06:17:47,New York,290.5,82,broken clouds,1.79,2025-05-13 06:17:47
2025-05-13 06:17:48,Tokyo,298.22,46,overcast clouds,0.45,2025-05-13 06:17:48
2025-05-13 06:17:49,Bogotá,287.12,95,overcast clouds,0.97,2025-05-13 06:17:49
2025-05-13 06:17:50,Paris,285.43,95,overcast clouds,0.32,2025-05-13 06:17:50
2025-05-14 06:17:44,London,283.75,79,clear sky,1.34,2025-05-14 06:17:44
2025-05-14 06:17:45,New York,288.33,94,overcast clouds,4.92,2025-05-14 06:17:45
2025-05-14 06:17:46,Tokyo,299.42,46,overcast clouds,1.34,2025-05-14 06:17:46
2025-05-14 06:17:48,Bogotá,283.23,93,broken clouds,1.14,2025-05-14 06:17:48
2025-05-14 06:17:49,Paris,286.53,90,scattered clouds,0.76,2025-05-14 06:17:49
2025-05-15 06:18:11,London,283.43,80,broken clouds,1.79,2025-05-15 06:18:11
2025-05-15 06:18:12,New York,289.07,96,overcast clouds,2.24,2025-05-15 06:18:12
2025-05-15 06:18:14,Tokyo,298.72,58,overcast clouds,0.89,2025-05-15 06:18:14
2025-05-15 06:18:15,Bogotá,284.34,89,broken clouds,1.37,2025-05-15 06:18:15
2025-05-15 06:18:16,Paris,283.7,79,clear sky,2.24,2025-05-15 06:18:16
2025-05-16 06:17:56,London,281.84,90,clear sky,2.24,2025-05-16 06:17:56
2025-05-16 06:17:57,New York,289.46,95,scattered clouds,1.79,2025-05-16 06:17:57
2025-05-16 06:17:59,Tokyo,298.23,55,overcast clouds,0.89,2025-05-16 06:17:59
2025-05-16 06:18:00,Bogotá,283.79,96,overcast clouds,0.37,2025-05-16 06:18:00
2025-05-16 06:18:01,Paris,283.59,78,clear sky,2.24,2025-05-16 06:18:01
2025-05-17 06:15:37,London,283.37,77,scattered clouds,2.24,2025-05-17 06:15:37
2025-05-17 06:15:38,New York,290.73,93,overcast clouds,1.79,2025-05-17 06:15:38
2025-05-17 06:15:39,Tokyo,294.63,88,overcast clouds,1.34,2025-05-17 06:15:39
2025-05-17 06:15:40,Bogotá,282.67,95,overcast clouds,0.48,2025-05-17 06:15:40
2025-05-17 06:15:41,Paris,283.75,75,scattered clouds,3.58,2025-05-17 06:15:41
2025-05-18 06:16:27,London,283.33,77,clear sky,1.79,2025-05-18 06:16:27
2025-05-18 06:16:29,New York,291.99,62,scattered clouds,5.36,2025-05-18 06:16:29
2025-05-18 06:16:30,Tokyo,299.8,68,overcast clouds,0.89,2025-05-18 06:16:30
2025-05-18 06:16:32,Bogotá,283.23,97,overcast clouds,0.38,2025-05-18 06:16:32
2025-05-18 06:16:33,Paris,283.8,83,clear sky,0.89,2025-05-18 06:16:33
2025-05-19 06:18:43,London,283.86,84,overcast clouds,3.09,2025-05-19 06:18:43
2025-05-19 06:18:45,New York,289.23,67,few clouds,11.32,2025-05-19 06:18:45
2025-05-19 06:18:46,Tokyo,292.15,72,broken clouds,5.14,2025-05-19 06:18:46
2025-05-19 06:18:47,Bogotá,286.14,94,broken clouds,1.03,2025-05-19 06:18:47
2025-05-19 06:18:49,Paris,284.5,76,clear sky,3.6,2025-05-19 06:18:49
2025-05-20 06:18:17,London,282.96,84,scattered clouds,2.24,2025-05-20 06:18:17
2025-05-20 06:18:18,New York,283.67,64,clear sky,4.92,2025-05-20 06:18:18
2025-05-20 06:18:19,Tokyo,303.59,49,clear sky,0.89,2025-05-20 06:18:19
2025-05-20 06:18:21,Bogotá,280.89,94,light rain,0.89,2025-05-20 06:18:21
2025-05-20 06:18:22,Paris,287.3,70,scattered clouds,1.34,2025-05-20 06:18:22
2025-05-21 06:18:13,London,285.86,81,light rain,3.6,2025-05-21 06:18:13
2025-05-21 06:18:14,New York,287.76,67,overcast clouds,6.69,2025-05-21 06:18:14
2025-05-21 06:18:15,Tokyo,301.69,64,broken clouds,10.29,2025-05-21 06:18:15
2025-05-21 06:18:17,Bogotá,284.79,100,scattered clouds,0.51,2025-05-21 06:18:17
2025-05-21 06:18:18,Paris,287.44,63,clear sky,1.54,2025-05-21 06:18:18
2025-05-22 06:18:07,London,282.09,82,clear sky,2.06,2025-05-22 06:18:07
2025-05-22 06:18:08,New York,282.85,92,heavy intensity rain,7.2,2025-05-22 06:18:08
2025-05-22 06:18:09,Tokyo,300.01,64,broken clouds,6.17,2025-05-22 06:18:09
2025-05-22 06:18:10,Bogotá,287.14,82,scattered clouds,0.51,2025-05-22 06:18:10
2025-05-22 06:18:11,Paris,282.95,85,overcast clouds,4.63,2025-05-22 06:18:11
2025-05-23 06:17:43,London,281.05,82,clear sky,0,2025-05-23 06:17:43
2025-05-23 06:17:45,New York,282.1,89,overcast clouds,3.09,2025-05-23 06:17:45
2025-05-23 06:17:46,Tokyo,294.89,44,clear sky,7.72,2025-05-23 06:17:46
2025-05-23 06:17:48,Bogotá,285.83,94,broken clouds,1.03,2025-05-23 06:17:48
2025-05-23 06:17:49,Paris,283.89,62,clear sky,3.09,2025-05-23 06:17:49
2025-05-24 06:15:29,London,286.48,90,light rain,3.09,2025-05-24 06:15:29
2025-05-24 06:15:31,New York,285.02,75,overcast clouds,6.69,2025-05-24 06:15:31
2025-05-24 06:15:32,Tokyo,293.27,63,broken clouds,6.69,2025-05-24 06:15:32
2025-05-24 06:15:33,Bogotá,285.83,99,overcast clouds,0.51,2025-05-24 06:15:33
2025-05-24 06:15:35,Paris,283.25,80,clear sky,2.06,2025-05-24 06:15:35
